Health Center Site Fact Identification Number,Site Name,UDS Number,Site Telephone Number,Site Web Address,Operating Hours per Week,Health Center Grantee Identification Number,Grant Number,Grantee Name,Grantee Organization Type Description,Migrant Health Centers HRSA Grant Subprogram Indicator,Community Health HRSA Grant Subprogram Indicator,School Based Health Center HRSA Grant Subprogram Indicator,Public Housing HRSA Grant Subprogram Indicator,Health Care for the Homeless HRSA Grant Subprogram Indicator,Site Address Identification Number,Site Address Source System Identification Number,Enterprise Site Repository Source ID,Site Data Source,Site Address,Site City,Site State Abbreviation,Site Postal Code,U.S. - Mexico Border 100 Kilometer Indicator,Health Center Site Population Type Description,Health Center Location Setting Identification Number,Health Center Service Delivery Site Location Setting Description,Health Center Status Identification Number,Site Status Description,Health Center Location Identification Number,Health Center Location Type Description,Health Center Type Identification Number,Health Center Type Description,Health Center Operator Identification Number,Health Center Operator Description,Health Center Operating Schedule Identification Number,Health Center Operational Schedule Description,Health Center Operating Calendar Surrogate Key,Health Center Operating Calendar,County or County Equivalent Federal Information Processing Standard Code,County Equivalent Name,County Description,Complete County Name,State and County Federal Information Processing Standard Code,State FIPS Code,State Name,Name of U.S. Senator Number One,Name of U.S. Senator Number Two,HHS Region Code,HHS Region Name,U.S. - Mexico Border County Indicator,Congressional District Number,Congressional District Name,State FIPS and Congressional District Number Code,U.S. Congressional Representative Name,Uniform Resource Locator (URL) for a Member of the U.S. House of Representatives,Data Warehouse Record Create Date Text,Data Warehouse Record Create Date,BPHC Assigned Number,Site Open Date,Site Open Date Text,Site Added to Scope this Date,Site Add to Scope Date Text,BHCMIS Site Identification Number,Federally Qualified Health Center (FQHC) Look-Alike Number,Federally Qualified Health Center (FQHC) Look-Alike Organization Name,Federally Qualified Health Center (FQHC) Look-Alike Street Address,Federally Qualified Health Center (FQHC) Look-Alike Organization City,Federally Qualified Health Center (FQHC) Look-Alike Organization State,Federally Qualified Health Center (FQHC) Look-Alike Organization ZIP Code,Federally Qualified Health Center (FQHC) Look-Alike Organization Site Administrator Contact Name,Federally Qualified Health Center (FQHC) Look-Alike Organization Site Administrator Contact Telephone Number,Federally Qualified Health Center (FQHC) Look-Alike Organization Site Administrator Contact Email Address,Geocoding Artifact Address Primary X Coordinate,Geocoding Artifact Address Primary Y Coordinate
105,Hurtt Pediatric Mobile Clinic,,714-240-2070,,30,1316,H80CS12875,"HURTT FAMILY HEALTH CLINIC, INC.","Corporate Entity, Federal Tax Exempt",N,N,N,N,Y,3819,4D76BED0-8C0D-45CB-9E16-4722FE1E9649,984F1CC4-4CC3-49F5-8941-35794DA75655,ESR_SCP,1 Hope Dr,Tustin,CA,92782-0221,N,Urban,7,All Other Clinic Types,1,Active,5,Mobile Van,2,Service Delivery Site,1,Health Center/Applicant,2,Part-Time,1,Year-Round,59,Orange,County            ,Orange County,6059,6,California,Dianne Feinstein,Kamala D. Harris,9,Region IX,N,45,California District 45,645,Mimi Walters,https://walters.house.gov/,3/19/18,3/19/18,BPS-H80-011067,11/15/11,11/15/11,12/13/11,12/13/11,9.00E+06,,,,,  ,,,,,-117.8334284,33.71487845
389,Antelope Valley Community Clinic - Mobile Health Clinic II,,661-942-2391,,42,527,H80CS26613,Antelope Valley Community Clinic,"Corporate Entity, Federal Tax Exempt",N,Y,N,N,N,4303,57ABD294-FF2D-4620-B2C2-DE0641E21235,B9F9BDEE-CDD6-4E48-8075-0CB79ADF0B09,ESR_SCP,45104 10th St W,Lancaster,CA,93534-2310,N,Unknown,7,All Other Clinic Types,1,Active,5,Mobile Van,2,Service Delivery Site,1,Health Center/Applicant,0,Unknown,0,Unknown,37,Los Angeles,County            ,Los Angeles County,6037,6,California,Dianne Feinstein,Kamala D. Harris,9,Region IX,N,23,California District 23,623,Kevin McCarthy,http://kevinmccarthy.house.gov/,3/19/18,3/19/18,BPS-H80-018001,,/,11/1/13,11/1/13,09E01050,,,,,  ,,,,,-118.1480636,34.70246635
825,FHCSD Mobile Medical Unit II,09312AV,619-515-2300,www.fhcsd.org,30,1030,H80CS00224,"FAMILY HEALTH CENTERS OF SAN DIEGO, INC.","Corporate Entity, Federal Tax Exempt",N,Y,N,Y,Y,8484,ADF60B33-D0FC-48D4-AA20-51482B83E875,62F559EB-8748-4378-9C9C-703E5E380D59,ESR_SCP,823 Gateway Center Way,San Diego,CA,92102-4541,Y,Urban,7,All Other Clinic Types,1,Active,5,Mobile Van,2,Service Delivery Site,1,Health Center/Applicant,1,Full-Time,1,Year-Round,73,San Diego,County            ,San Diego County,6073,6,California,Dianne Feinstein,Kamala D. Harris,9,Region IX,Y,51,California District 51,651,Juan Vargas,http://vargas.house.gov,3/19/18,3/19/18,BPS-H80-004452,3/1/02,3/1/02,3/1/02,3/1/02,93120,,,,,  ,,,,,-117.1134135,32.7150325
859,SALUD AMBULANTE MOBILE CLINIC,09072H,760-736-6767,www.nchs-health.org,40,485,H80CS00228,North County Health Project Incorporated,"Corporate Entity, Federal Tax Exempt",Y,Y,N,N,N,5226,6A526E99-17CA-4A53-853F-DDA91DA11E6B,A0786AA4-7A7D-4748-B317-52BB308902B3,ESR_SCP,150 Valpreda Rd,San Marcos,CA,92069-2973,Y,Rural,7,All Other Clinic Types,1,Active,5,Mobile Van,2,Service Delivery Site,1,Health Center/Applicant,1,Full-Time,1,Year-Round,73,San Diego,County            ,San Diego County,6073,6,California,Dianne Feinstein,Kamala D. Harris,9,Region IX,Y,50,California District 50,650,Duncan Hunter,http://hunter.house.gov/,3/19/18,3/19/18,BPS-H80-000939,2/1/02,2/1/02,1/9/02,1/9/02,90720,,,,,  ,,,,,-117.1560417,33.1404913
888,TCHC - Mobile Health Clinic #1,,510-770-8040,,30,704,H80CS02326,TRI-CITY HEALTH CENTER,"Corporate Entity, Federal Tax Exempt",N,Y,N,N,N,5556,70B8ACB2-A15A-4B47-BD13-1211DF43F4BC,0210275F-9EBB-455C-9737-72F97DAABB50,ESR_SCP,40910 Fremont Blvd,Fremont,CA,94538-4375,N,Unknown,7,All Other Clinic Types,1,Active,5,Mobile Van,2,Service Delivery Site,1,Health Center/Applicant,0,Unknown,0,Unknown,1,Alameda,County            ,Alameda County,6001,6,California,Dianne Feinstein,Kamala D. Harris,9,Region IX,N,17,California District 17,617,Ro Khanna,https://khanna.house.gov/,3/19/18,3/19/18,BPS-H80-017373,,/,12/18/15,12/18/15,91220,,,,,  ,,,,,-121.9602586,37.53357103
899,AHS HCH MOBILE CLINIC #1,,510-437-5086,,35,1426,H80CS00047,"ALAMEDA, COUNTY OF",U.S. Government Entity,N,N,N,N,Y,6574,85862AC4-F94B-4BA9-B206-9EF7377C23E3,04168CE1-3E6D-46F9-8A92-2573D970B5C7,ESR_SCP,15400 Foothill Blvd,San Leandro,CA,94578-1009,N,Unknown,7,All Other Clinic Types,1,Active,5,Mobile Van,2,Service Delivery Site,2,Subrecipient,0,Unknown,0,Unknown,1,Alameda,County            ,Alameda County,6001,6,California,Dianne Feinstein,Kamala D. Harris,9,Region IX,N,15,California District 15,615,Eric Swalwell,http://swalwell.house.gov,3/19/18,3/19/18,BPS-H80-018423,,/,8/1/16,8/1/16,90870,,,,,  ,,,,,-122.1181863,37.70647126
916,Contra Costa County Dental Van,,510-981-4100,,16,609,H80CS00808,Lifelong Medical Care,"Corporate Entity, Federal Tax Exempt",N,Y,N,Y,N,11003,E31640FC-7452-4C49-95CE-E0BFD6137C8D,8BDC0F5B-D8B6-4CC0-91CE-38AB139E2076,ESR_SCP,2023 Vale Rd,San Pablo,CA,94806-3834,N,Unknown,2,School,1,Active,5,Mobile Van,2,Service Delivery Site,1,Health Center/Applicant,0,Unknown,0,Unknown,13,Contra Costa,County            ,Contra Costa County,6013,6,California,Dianne Feinstein,Kamala D. Harris,9,Region IX,N,11,California District 11,611,Mark DeSaulnier,https://desaulnier.house.gov/,3/19/18,3/19/18,BPS-H80-014428,,/,11/19/14,11/19/14,92880,,,,,  ,,,,,-122.3382394,37.95336888
943,TCHC -Mobile Health Clinic #2,,510-770-8040,,30,704,H80CS02326,TRI-CITY HEALTH CENTER,"Corporate Entity, Federal Tax Exempt",N,Y,N,N,N,5555,70B8ACB2-A15A-4B47-BD13-1211DF43F4BC,48B62003-F9DA-4D8F-A9E4-CE7B1FFB9067,ESR_SCP,40910 Fremont Blvd,Fremont,CA,94538-4375,N,Unknown,7,All Other Clinic Types,1,Active,5,Mobile Van,2,Service Delivery Site,1,Health Center/Applicant,0,Unknown,0,Unknown,1,Alameda,County            ,Alameda County,6001,6,California,Dianne Feinstein,Kamala D. Harris,9,Region IX,N,17,California District 17,617,Ro Khanna,https://khanna.house.gov/,3/19/18,3/19/18,BPS-H80-017371,,/,12/18/15,12/18/15,91220,,,,,  ,,,,,-121.9602586,37.53357103
1035,HEALTHY STEPS MOBILE CLINIC 1G,09108M,619-427-9505,www.syhc.org,40,435,H80CS10748,"CENTRO DE SALUD DE LA COMUNIDAD DE SAN YSIDRO, INC.","Corporate Entity, Federal Tax Exempt",N,Y,N,Y,N,4743,60F1076F-3DCE-470E-BC71-3BF51A7ED3C5,E963E3DA-06C6-47F5-BA7D-18956406CA0A,ESR_SCP,4004 Beyer Blvd,San Ysidro,CA,92173-2007,Y,Urban,7,All Other Clinic Types,1,Active,5,Mobile Van,2,Service Delivery Site,1,Health Center/Applicant,1,Full-Time,1,Year-Round,73,San Diego,County            ,San Diego County,6073,6,California,Dianne Feinstein,Kamala D. Harris,9,Region IX,Y,51,California District 51,651,Juan Vargas,http://vargas.house.gov,3/19/18,3/19/18,BPS-H80-003812,1/1/05,1/1/05,1/1/05,1/1/05,91080,,,,,  ,,,,,-117.0468635,32.55827751
1133,Health in Motion Mobile Clinic Van,,951-275-8060,,20,1115,H80CS24201,Urban Community Action Projects,"Corporate Entity, Federal Tax Exempt",N,N,N,N,Y,6631,86F703B2-AECD-4449-9F67-FB6F9E6C27F6,22E2F15B-F342-42DB-B553-5B02318DCE99,ESR_SCP,3399 Central Ave,Riverside,CA,92506-1456,N,Urban,7,All Other Clinic Types,1,Active,5,Mobile Van,2,Service Delivery Site,1,Health Center/Applicant,2,Part-Time,1,Year-Round,65,Riverside,County            ,Riverside County,6065,6,California,Dianne Feinstein,Kamala D. Harris,9,Region IX,Y,41,California District 41,641,Mark Takano,http://takano.house.gov,3/19/18,3/19/18,BPS-H80-012883,6/1/12,6/1/12,9/16/13,9/16/13,09E00525,,,,,  ,,,,,-117.3820723,33.95374548
1343,Altura Centers for Health Mobile Clinic 1,09534B,559-685-4601,ww.altura.org,33.5,287,H80CS00338,Altura Centers For Health,"Corporate Entity, Federal Tax Exempt",Y,Y,N,N,N,1385,1BC37668-DB14-4AE2-886A-6B1F3C059629,59FCF744-FD17-4087-8B44-D3F7CCB1C3B9,ESR_SCP,1201 N Cherry St,Tulare,CA,93274-2233,N,Rural,7,All Other Clinic Types,1,Active,5,Mobile Van,2,Service Delivery Site,1,Health Center/Applicant,1,Full-Time,1,Year-Round,107,Tulare,County            ,Tulare County,6107,6,California,Dianne Feinstein,Kamala D. Harris,9,Region IX,N,22,California District 22,622,Devin Nunes,http://nunes.house.gov/,3/19/18,3/19/18,BPS-H80-000986,10/1/07,10/1/07,7/1/07,7/1/07,95340,,,,,  ,,,,,-119.3369985,36.2245297
1352,Mobile Dental Van.,,707-784-2120,,32,661,H80CS04218,"SOLANO, COUNTY OF",U.S. Government Entity,N,N,N,N,Y,8936,B858D203-2A3C-4BDA-959E-B2680073C7F9,577484F6-0871-42FD-9D12-2F69DA07E674,ESR_SCP,3255 N Texas St,Fairfield,CA,94533-9714,N,Urban,7,All Other Clinic Types,1,Active,5,Mobile Van,2,Service Delivery Site,1,Health Center/Applicant,2,Part-Time,1,Year-Round,95,Solano,County            ,Solano County,6095,6,California,Dianne Feinstein,Kamala D. Harris,9,Region IX,N,3,California District 03,603,John Garamendi,http://garamendi.house.gov/,3/19/18,3/19/18,BPS-H80-010607,,/,6/28/11,6/28/11,921350,,,,,  ,,,,,-122.0341685,38.28801447
1622,AltaMed Medical Group:  Mobile Van,09311W,323-869-1900,www.altamed.org,20,1002,H80CS00142,AltaMed Health Services Corporation,"Corporate Entity, Federal Tax Exempt",N,Y,N,Y,N,4017,51D1919A-C46D-4C28-BF0F-FA5FE3128EC5,F991872E-400C-4868-8A59-269F9B947148,ESR_SCP,5427 Whittier Blvd,Los Angeles,CA,90022-4101,N,Urban,7,All Other Clinic Types,1,Active,5,Mobile Van,2,Service Delivery Site,1,Health Center/Applicant,1,Full-Time,1,Year-Round,37,Los Angeles,County            ,Los Angeles County,6037,6,California,Dianne Feinstein,Kamala D. Harris,9,Region IX,N,40,California District 40,640,Lucille Roybal-Allard,https://roybal-allard.house.gov/,3/19/18,3/19/18,BPS-H80-000080,1/1/99,1/1/99,1/1/99,1/1/99,93110,,,,,  ,,,,,-118.1535943,34.01965701
1630,Mobile Primary Care Vann,,707-469-4640,,32,661,H80CS04218,"SOLANO, COUNTY OF",U.S. Government Entity,N,N,N,N,Y,8935,B858D203-2A3C-4BDA-959E-B2680073C7F9,A797E054-7283-4A07-B975-6B7053496734,ESR_SCP,3255 N Texas St,Fairfield,CA,94533-9714,N,Unknown,7,All Other Clinic Types,1,Active,5,Mobile Van,2,Service Delivery Site,1,Health Center/Applicant,0,Unknown,0,Unknown,95,Solano,County            ,Solano County,6095,6,California,Dianne Feinstein,Kamala D. Harris,9,Region IX,N,3,California District 03,603,John Garamendi,http://garamendi.house.gov/,3/19/18,3/19/18,BPS-H80-015167,,/,5/11/15,5/11/15,921350,,,,,  ,,,,,-122.0341685,38.28801447
1671,AltaMed Medical Group:  Mobile Van Counseling & Testing,09311X,323-307-0100,www.altamed.org,20,1002,H80CS00142,AltaMed Health Services Corporation,"Corporate Entity, Federal Tax Exempt",N,Y,N,Y,N,3059,3E2258AE-9E78-42E5-92D8-CFA4D87C6917,2A740E1F-9D97-4C18-86F0-A9233CBECDCE,ESR_SCP,512 S Indiana St,Los Angeles,CA,90063-3911,N,Urban,7,All Other Clinic Types,1,Active,5,Mobile Van,2,Service Delivery Site,1,Health Center/Applicant,2,Part-Time,1,Year-Round,37,Los Angeles,County            ,Los Angeles County,6037,6,California,Dianne Feinstein,Kamala D. Harris,9,Region IX,N,40,California District 40,640,Lucille Roybal-Allard,https://roybal-allard.house.gov/,3/19/18,3/19/18,BPS-H80-005754,1/1/90,1/1/90,1/1/90,1/1/90,93110,,,,,  ,,,,,-118.1923031,34.03003896
2290,Puente A La Salud Mobile Clinics,,714-771-8801,,40,283,H80CS26628,St. Jude Neighborhood Health Centers,"Corporate Entity, Federal Tax Exempt",N,Y,N,N,N,11168,E649385C-1043-43EB-8945-894119B3BED9,66E9CB6D-C748-4AC1-AEA8-1436D286258A,ESR_SCP,363 S Main St Ste 204,Orange,CA,92868-3833,N,Unknown,7,All Other Clinic Types,1,Active,5,Mobile Van,2,Service Delivery Site,1,Health Center/Applicant,0,Unknown,0,Unknown,59,Orange,County            ,Orange County,6059,6,California,Dianne Feinstein,Kamala D. Harris,9,Region IX,N,46,California District 46,646,J. Luis Correa,https://correa.house.gov/,3/19/18,3/19/18,BPS-H80-014760,,/,3/11/15,3/11/15,09E01056,,,,,  ,,,,,-117.8672481,33.78274294
2451,Mobile Unit #6878,,925-313-6250,,40,397,H80CS00050,"CONTRA COSTA, COUNTY OF",U.S. Government Entity,N,N,N,N,Y,6466,83720FEA-F6FB-4F80-A15B-07B69E2BED85,93D02B78-5699-4B6C-AD30-10F2E2378026,ESR_SCP,651 Pine St,Martinez,CA,94553,N,Urban,2,School,1,Active,5,Mobile Van,2,Service Delivery Site,1,Health Center/Applicant,2,Part-Time,1,Year-Round,13,Contra Costa,County            ,Contra Costa County,6013,6,California,Dianne Feinstein,Kamala D. Harris,9,Region IX,N,5,California District 05,605,Mike Thompson,http://mikethompson.house.gov/,3/19/18,3/19/18,BPS-H80-012668,6/1/13,6/1/13,6/18/13,6/18/13,91120,,,,,  ,,,,,-122.13383,38.01915007
2613,SCHC PROJ HOPE MED/DENT MOBILE,09224I,530-246-5947,WWW.SHASTAHEALTH.ORG,40,444,H80CS00832,SHASTA COMMUNITY HEALTH CENTER,"Corporate Entity, Federal Tax Exempt",N,Y,N,N,Y,8446,AD597952-93A9-4C5E-B07A-24426D0F50C3,87CFC589-B66F-472C-B2A1-DC2529B93886,ESR_SCP,1035 Placer St,Redding,CA,96001-1125,N,Rural,7,All Other Clinic Types,1,Active,5,Mobile Van,2,Service Delivery Site,1,Health Center/Applicant,1,Full-Time,1,Year-Round,89,Shasta,County            ,Shasta County,6089,6,California,Dianne Feinstein,Kamala D. Harris,9,Region IX,N,1,California District 01,601,Doug LaMalfa,http://lamalfa.house.gov,3/19/18,3/19/18,BPS-H80-004727,1/10/03,1/10/03,1/10/03,1/10/03,92240,,,,,  ,,,,,-122.3856562,40.58342099
3426,Marin City Health and Wellness Dental Van,,415-339-8813,,168,1185,H80CS22689,MARIN CITY HEALTH AND WELLNESS CENTER,"Corporate Entity, Federal Tax Exempt",N,N,N,Y,Y,10372,D5FCD189-B0CB-4C19-BE23-6670EF1BEC3F,8F91C57D-CE14-4F08-984D-E04BCCB11853,ESR_SCP,630 Drake Ave,Sausalito,CA,94965-1107,N,Unknown,7,All Other Clinic Types,1,Active,5,Mobile Van,2,Service Delivery Site,1,Health Center/Applicant,0,Unknown,0,Unknown,41,Marin,County            ,Marin County,6041,6,California,Dianne Feinstein,Kamala D. Harris,9,Region IX,N,2,California District 02,602,Jared Huffman,http://huffman.house.gov,3/19/18,3/19/18,BPS-H80-018085,,/,6/13/16,6/13/16,9.00E+105,,,,,  ,,,,,-122.5148578,37.87216285
3451,Family HealthCare Network - Mobile Van #1,,877-960-3426,www.fhcn.org,40,1375,H80CS00786,Family Healthcare Network,"Corporate Entity, Federal Tax Exempt",Y,Y,N,N,N,4297,57912E9B-511C-422B-B266-6A7354A3D572,D9F65BA2-570D-4DFE-9C76-E9FC77CC8884,ESR_SCP,31180 Road 72,Visalia,CA,93291-9672,N,Unknown,7,All Other Clinic Types,1,Active,5,Mobile Van,2,Service Delivery Site,1,Health Center/Applicant,0,Unknown,0,Unknown,107,Tulare,County            ,Tulare County,6107,6,California,Dianne Feinstein,Kamala D. Harris,9,Region IX,N,22,California District 22,622,Devin Nunes,http://nunes.house.gov/,3/19/18,3/19/18,BPS-H80-019392,,/,3/16/17,3/16/17,93640,,,,,  ,,,,,-119.4124014,36.35584903
3481,SJWCFC Mobile #1,,213-400-6056,,40,923,H80CS00873,"St. John's Well Child And Family Center, Inc.","Corporate Entity, Federal Tax Exempt",N,Y,N,Y,Y,7865,A0E27DC3-54BB-4474-BEE1-38108F72E070,5EFB66F5-189A-4F9A-BCA6-E68943638BA6,ESR_SCP,808 W 58th St,Los Angeles,CA,90037-3632,N,Urban,7,All Other Clinic Types,1,Active,5,Mobile Van,2,Service Delivery Site,1,Health Center/Applicant,1,Full-Time,1,Year-Round,37,Los Angeles,County            ,Los Angeles County,6037,6,California,Dianne Feinstein,Kamala D. Harris,9,Region IX,N,37,California District 37,637,Karen Bass,http://karenbass.house.gov/,3/19/18,3/19/18,BPS-H80-013482,9/26/12,9/26/12,12/23/13,12/23/13,910370,,,,,  ,,,,,-118.2874942,33.98965553
3694,VISTA COMMUNITY CLINIC MOBILE VAN,,760-631-5000 x4,,25,657,H80CS00282,VISTA COMMUNITY CLINIC,"Corporate Entity, Federal Tax Exempt",Y,Y,N,N,N,9400,C1DAB843-B751-4FFB-8996-DDED99FA8032,61D659FB-88CA-4A03-8002-433319BAE1CC,ESR_SCP,1000 Vale Terrace Dr,Vista,CA,92084-5218,Y,Urban,7,All Other Clinic Types,1,Active,5,Mobile Van,2,Service Delivery Site,1,Health Center/Applicant,2,Part-Time,0,Unknown,73,San Diego,County            ,San Diego County,6073,6,California,Dianne Feinstein,Kamala D. Harris,9,Region IX,Y,49,California District 49,649,Darrell E. Issa,https://issa.house.gov/,3/19/18,3/19/18,BPS-H80-014107,5/1/14,5/1/14,7/25/14,7/25/14,91670,,,,,  ,,,,,-117.2288096,33.20904545
3735,Tri-State Community Healthcare Center- Mobile Unit,,760-530-9944,,30,1331,H80CS28370,Tri-State Community Healthcare Center,"Corporate Entity, Federal Tax Exempt",N,Y,N,N,N,1279,19D1EB1D-FAF6-4E55-A9A8-83B1C77160E0,738A979A-5304-4911-B7CA-B4A1562B8E9A,ESR_SCP,11888 Bartlett Ave,Adelanto,CA,92301-1709,N,Unknown,7,All Other Clinic Types,1,Active,5,Mobile Van,2,Service Delivery Site,1,Health Center/Applicant,0,Unknown,0,Unknown,71,San Bernardino,County            ,San Bernardino County,6071,6,California,Dianne Feinstein,Kamala D. Harris,9,Region IX,N,8,California District 08,608,Paul Cook,http://cook.house.gov,3/19/18,3/19/18,BPS-H80-021536,,/,12/12/17,12/12/17,09E01144,,,,,  ,,,,,-117.4068317,34.57927048
3737,St. Jude Neighborhood Health Centers' Mobile Clinic,,714-446-5100,,24,283,H80CS26628,St. Jude Neighborhood Health Centers,"Corporate Entity, Federal Tax Exempt",N,Y,N,N,N,5732,74B9DA57-5A9A-4CEF-BCBB-73175179AEA9,55297D1D-E66C-46BB-8286-759EE264153B,ESR_SCP,731 S Highland Ave,Fullerton,CA,92832-2753,N,Urban,7,All Other Clinic Types,1,Active,5,Mobile Van,2,Service Delivery Site,1,Health Center/Applicant,2,Part-Time,1,Year-Round,59,Orange,County            ,Orange County,6059,6,California,Dianne Feinstein,Kamala D. Harris,9,Region IX,N,39,California District 39,639,Edward R. Royce,http://www.royce.house.gov/,3/19/18,3/19/18,BPS-H80-013567,1/1/90,1/1/90,1/31/14,1/31/14,09E01056,,,,,  ,,,,,-117.9287505,33.86350561
3860,Central City Community Health Center - Mobile Medical Unit #3,,626-653-0800,www.centralcityhealth.org,30,370,H80CS10608,"CENTRAL CITY COMMUNITY HEALTH CENTER, INC.","Corporate Entity, Federal Tax Exempt",Y,Y,N,N,N,10247,D3437A06-0F1B-4000-A7A7-C95E36E616CF,1BA7B952-BE19-4FB3-B940-CEDECE6E77D5,ESR_SCP,4126 Maine Ave,Baldwin Park,CA,91706-3306,N,Unknown,7,All Other Clinic Types,1,Active,5,Mobile Van,2,Service Delivery Site,1,Health Center/Applicant,0,Unknown,0,Unknown,37,Los Angeles,County            ,Los Angeles County,6037,6,California,Dianne Feinstein,Kamala D. Harris,9,Region IX,N,32,California District 32,632,Grace F. Napolitano,http://napolitano.house.gov/,3/19/18,3/19/18,BPS-H80-019388,,/,2/2/17,2/2/17,9.00E+66,,,,,  ,,,,,-117.960365,34.08739346
3911,FHCSD Mobile Medical Unit III,,619-515-2300,www.fhcsd.org,30,1030,H80CS00224,"FAMILY HEALTH CENTERS OF SAN DIEGO, INC.","Corporate Entity, Federal Tax Exempt",N,Y,N,Y,Y,10865,E012E977-0206-43E5-99E1-AD252F3F9DA9,B2879905-3FB4-45C7-8EC5-7F2606C69FAE,ESR_SCP,823 Gateway Center Way,San Diego,CA,92102-4541,Y,Urban,7,All Other Clinic Types,1,Active,5,Mobile Van,2,Service Delivery Site,1,Health Center/Applicant,1,Full-Time,1,Year-Round,73,San Diego,County            ,San Diego County,6073,6,California,Dianne Feinstein,Kamala D. Harris,9,Region IX,Y,51,California District 51,651,Juan Vargas,http://vargas.house.gov,3/19/18,3/19/18,BPS-H80-002013,11/1/04,11/1/04,9/2/05,9/2/05,93120,,,,,  ,,,,,-117.1134135,32.7150325
3956,Centro Medico Mobile Clinic,,760-767-5051,www.borregomedical.org,30,442,H80CS00287,BORREGO COMMUNITY HEALTH FOUNDATION,"Corporate Entity, Federal Tax Exempt",Y,Y,N,N,N,8553,AF974F97-C2D3-440C-9AA0-64EC64E3903D,C717C48F-5EB5-4B95-9F73-685425E8F0EB,ESR_SCP,55497 Van Buren St,Coachella,CA,92236,N,Rural,7,All Other Clinic Types,1,Active,5,Mobile Van,2,Service Delivery Site,1,Health Center/Applicant,2,Part-Time,1,Year-Round,65,Riverside,County            ,Riverside County,6065,6,California,Dianne Feinstein,Kamala D. Harris,9,Region IX,Y,36,California District 36,636,Raul Ruiz,http://ruiz.house.gov,3/19/18,3/19/18,BPS-H80-006857,12/1/05,12/1/05,6/4/07,6/4/07,99010,,,,,  ,,,,,-116.1988571,33.64511728
4113,Mobile Unit #6879,,925-313-6250,,40,397,H80CS00050,"CONTRA COSTA, COUNTY OF",U.S. Government Entity,N,N,N,N,Y,7276,94C483CB-0CFA-4504-A2B8-56B30299336F,A228B108-CDF2-4559-BA5A-9963303A9A64,ESR_SCP,651 Pine St,Martinez,CA,94553,N,Urban,2,School,1,Active,5,Mobile Van,2,Service Delivery Site,1,Health Center/Applicant,2,Part-Time,1,Year-Round,13,Contra Costa,County            ,Contra Costa County,6013,6,California,Dianne Feinstein,Kamala D. Harris,9,Region IX,N,5,California District 05,605,Mike Thompson,http://mikethompson.house.gov/,3/19/18,3/19/18,BPS-H80-012853,6/1/13,6/1/13,8/26/13,8/26/13,91120,,,,,  ,,,,,-122.13383,38.01915007
4139,MOBILE UNIT 1 CLINIC,09021C,408-935-3918,www.gardnerhealth.org,20,950,H80CS00359,"Gardner Family Health Network, Inc.","Corporate Entity, Federal Tax Exempt",N,Y,N,N,Y,6838,8B5C4272-3031-4F50-BCB0-803F2D777028,D6D5543A-0293-45EB-8681-F4FFA190CDBF,ESR_SCP,1621 Gold St,Alviso,CA,95002,N,Urban,7,All Other Clinic Types,1,Active,5,Mobile Van,2,Service Delivery Site,1,Health Center/Applicant,2,Part-Time,1,Year-Round,85,Santa Clara,County            ,Santa Clara County,6085,6,California,Dianne Feinstein,Kamala D. Harris,9,Region IX,N,17,California District 17,617,Ro Khanna,https://khanna.house.gov/,3/19/18,3/19/18,BPS-H80-006477,3/1/04,3/1/04,3/1/04,3/1/04,90210,,,,,  ,,,,,-121.9760469,37.42479058
4303,KidCare Express Mobile Medical Unit,09312X,619-515-2300,www.fhcsd.org,30,1030,H80CS00224,"FAMILY HEALTH CENTERS OF SAN DIEGO, INC.","Corporate Entity, Federal Tax Exempt",N,Y,N,Y,Y,10864,E012E977-0206-43E5-99E1-AD252F3F9DA9,55FDEC01-F439-4DB6-B5F3-80401D212E18,ESR_SCP,823 Gateway Center Way,San Diego,CA,92102-4541,Y,Urban,7,All Other Clinic Types,1,Active,5,Mobile Van,2,Service Delivery Site,1,Health Center/Applicant,1,Full-Time,1,Year-Round,73,San Diego,County            ,San Diego County,6073,6,California,Dianne Feinstein,Kamala D. Harris,9,Region IX,Y,51,California District 51,651,Juan Vargas,http://vargas.house.gov,3/19/18,3/19/18,BPS-H80-005071,5/1/98,5/1/98,5/1/98,5/1/98,93120,,,,,  ,,,,,-117.1134135,32.7150325
4474,"DENTAL CARE MOBILE, A CONTRA COSTA COLLABORATIVE",09123Q,925-431-1250,www.laclinica.org,48,1302,H80CS00631,"LA CLINICA DE LA RAZA, INC.","Corporate Entity, Federal Tax Exempt",N,Y,N,N,N,10296,D4710B8D-0DC2-4304-97E1-0AC319373022,402F3514-F7C4-4143-A567-D2E93C756D66,ESR_SCP,339 E Leland Rd,Pittsburg,CA,94565-4911,N,Urban,7,All Other Clinic Types,1,Active,5,Mobile Van,2,Service Delivery Site,1,Health Center/Applicant,2,Part-Time,1,Year-Round,13,Contra Costa,County            ,Contra Costa County,6013,6,California,Dianne Feinstein,Kamala D. Harris,9,Region IX,N,11,California District 11,611,Mark DeSaulnier,https://desaulnier.house.gov/,3/19/18,3/19/18,BPS-H80-006095,1/1/04,1/1/04,1/1/04,1/1/04,91230,,,,,  ,,,,,-121.8875059,38.01140202
4699,Altura Centers for Health Mobile Clinic 2,,559-686-9097,www.tchci.com,33,287,H80CS00338,Altura Centers For Health,"Corporate Entity, Federal Tax Exempt",Y,Y,N,N,N,6815,8AF76FF3-65BD-443B-8EA5-9C4B4DCE7E1C,96996FB9-DE5D-46A7-B99E-36669407DF83,ESR_SCP,1201 N Cherry St,Tulare,CA,93274-2233,N,Rural,7,All Other Clinic Types,1,Active,5,Mobile Van,2,Service Delivery Site,1,Health Center/Applicant,2,Part-Time,1,Year-Round,107,Tulare,County            ,Tulare County,6107,6,California,Dianne Feinstein,Kamala D. Harris,9,Region IX,N,22,California District 22,622,Devin Nunes,http://nunes.house.gov/,3/19/18,3/19/18,BPS-H80-014014,,/,7/2/14,7/2/14,95340,,,,,  ,,,,,-119.3369985,36.2245297
4788,Mobile Dental Trailer #2,,760-399-4526,,30,442,H80CS00287,BORREGO COMMUNITY HEALTH FOUNDATION,"Corporate Entity, Federal Tax Exempt",Y,Y,N,N,N,5888,786231FA-DC0D-4F6A-B5C6-8D98CA9407B3,1F737F95-F7BB-446D-B390-0ABDE1F94CE4,ESR_SCP,69175 Ramon Rd Bldg A,Cathedral City,CA,92234-3344,N,Urban,7,All Other Clinic Types,1,Active,5,Mobile Van,2,Service Delivery Site,1,Health Center/Applicant,2,Part-Time,2,Seasonal,65,Riverside,County            ,Riverside County,6065,6,California,Dianne Feinstein,Kamala D. Harris,9,Region IX,Y,36,California District 36,636,Raul Ruiz,http://ruiz.house.gov,3/19/18,3/19/18,BPS-H80-009412,5/1/09,5/1/09,4/14/10,4/14/10,99010,,,,,  ,,,,,-116.4565659,33.81579698
4888,HEALTHY STEPS MOBILE CLINIC 1F,09108N,619-427-9505,www.syjc.org,40,435,H80CS10748,"CENTRO DE SALUD DE LA COMUNIDAD DE SAN YSIDRO, INC.","Corporate Entity, Federal Tax Exempt",N,Y,N,Y,N,4745,60F1076F-3DCE-470E-BC71-3BF51A7ED3C5,481C93FD-A2A2-4FA4-A167-2A792C27F590,ESR_SCP,4004 Beyer Blvd,San Ysidro,CA,92173-2007,Y,Urban,7,All Other Clinic Types,1,Active,5,Mobile Van,2,Service Delivery Site,1,Health Center/Applicant,1,Full-Time,1,Year-Round,73,San Diego,County            ,San Diego County,6073,6,California,Dianne Feinstein,Kamala D. Harris,9,Region IX,Y,51,California District 51,651,Juan Vargas,http://vargas.house.gov,3/19/18,3/19/18,BPS-H80-001488,1/1/05,1/1/05,1/3/05,1/3/05,91080,,,,,  ,,,,,-117.0468635,32.55827751
4980,Dental Mobile Unit,091181G,408-494-7461,www.sccgov.org,40,1093,H80CS01442,"SANTA CLARA, COUNTY OF",U.S. Government Entity,N,N,N,N,Y,5584,711654D5-B5BD-4C08-8734-9CAFD6CC5B8D,FA489393-5E7A-46DB-934F-DB0D284D6A5F,ESR_SCP,500 Tully Rd,San Jose,CA,95111-1917,N,Urban,7,All Other Clinic Types,1,Active,5,Mobile Van,2,Service Delivery Site,1,Health Center/Applicant,1,Full-Time,1,Year-Round,85,Santa Clara,County            ,Santa Clara County,6085,6,California,Dianne Feinstein,Kamala D. Harris,9,Region IX,N,19,California District 19,619,Zoe Lofgren,https://lofgren.house.gov/,3/19/18,3/19/18,BPS-H80-003574,8/1/02,8/1/02,9/23/03,9/23/03,911810,,,,,  ,,,,,-121.8498154,37.30631499
4996,ARROYO VISTA FAMILY HEALTH CENTER ~ Mobile Clinic,09316A,323-254-5221,www.arroyovista.org,16,1211,H80CS00374,ARROYO VISTA FAMILY HEALTH FOUNDATION,"Corporate Entity, Federal Tax Exempt",N,Y,N,N,N,748,0EF012B1-7EC6-467A-A498-225072F56824,8E483C6C-12B4-4CF9-A112-9FDC15D53D75,ESR_SCP,6000 N Figueroa St,Los Angeles,CA,90042-4232,N,Urban,7,All Other Clinic Types,1,Active,5,Mobile Van,2,Service Delivery Site,1,Health Center/Applicant,2,Part-Time,1,Year-Round,37,Los Angeles,County            ,Los Angeles County,6037,6,California,Dianne Feinstein,Kamala D. Harris,9,Region IX,N,34,California District 34,634,Jimmy Gomez,https://gomez.house.gov,3/19/18,3/19/18,BPS-H80-006724,4/2/03,4/2/03,4/2/03,4/2/03,93160,,,,,  ,,,,,-118.1889083,34.11145771
5038,SCHC Project HOPE Med/dent mobile II,,530-636-6157,www.shastahealth.org,40,444,H80CS00832,SHASTA COMMUNITY HEALTH CENTER,"Corporate Entity, Federal Tax Exempt",N,Y,N,N,Y,8447,AD597952-93A9-4C5E-B07A-24426D0F50C3,FDA07079-ECD1-4703-8A16-E995821BCBA4,ESR_SCP,1035 Placer St,Redding,CA,96001-1125,N,Unknown,7,All Other Clinic Types,1,Active,5,Mobile Van,2,Service Delivery Site,1,Health Center/Applicant,0,Unknown,0,Unknown,89,Shasta,County            ,Shasta County,6089,6,California,Dianne Feinstein,Kamala D. Harris,9,Region IX,N,1,California District 01,601,Doug LaMalfa,http://lamalfa.house.gov,3/19/18,3/19/18,BPS-H80-014236,,/,8/29/14,8/29/14,92240,,,,,  ,,,,,-122.3856562,40.58342099
5083,CHA Mobile Dental,,415-787-1123,,40,934,H80CS00339,Coastal Health Alliance,"Corporate Entity, Federal Tax Exempt",N,Y,N,N,N,10882,E062ACF9-C6E7-4B57-B801-4B05DA016CF1,66F61C2F-7CCF-409E-B4B1-C67C3E972BE4,ESR_SCP,3 6th St,Point Reyes Station,CA,94956,N,Unknown,7,All Other Clinic Types,1,Active,5,Mobile Van,2,Service Delivery Site,1,Health Center/Applicant,0,Unknown,0,Unknown,41,Marin,County            ,Marin County,6041,6,California,Dianne Feinstein,Kamala D. Harris,9,Region IX,N,2,California District 02,602,Jared Huffman,http://huffman.house.gov,3/19/18,3/19/18,BPS-H80-015357,,/,7/24/15,7/24/15,95400,,,,,  ,,,,,-122.8086328,38.06926329
5138,Westside Family Health Center Mobile Medical Unit (MMU),,310-450-4773,www.wfhcenter.org,30,932,H80CS08730,WESTSIDE FAMILY HEALTH CENTER,"Corporate Entity, Federal Tax Exempt",N,Y,N,N,N,11084,E4C7DD0A-AA39-487E-8952-A0A4D09C8A08,25281BF9-C897-401B-982F-52B072768AC9,ESR_SCP,1711 Ocean Park Blvd,Santa Monica,CA,90405-4901,N,Urban,7,All Other Clinic Types,1,Active,5,Mobile Van,2,Service Delivery Site,1,Health Center/Applicant,2,Part-Time,1,Year-Round,37,Los Angeles,County            ,Los Angeles County,6037,6,California,Dianne Feinstein,Kamala D. Harris,9,Region IX,N,33,California District 33,633,Ted Lieu,https://lieu.house.gov/,3/19/18,3/19/18,BPS-H80-011127,9/26/11,9/26/11,1/27/12,1/27/12,930080,,,,,  ,,,,,-118.4664467,34.01273061
5216,SIS: Healthy Smiles for Kids of O.C.,,714-537-0700,,8,769,H80CS28371,"Southland Integrated Services, Inc.","Corporate Entity, Federal Tax Exempt",N,Y,N,N,N,11620,EEE13625-F4EF-4F87-A6D6-5711FFB9C2F6,0C7642BF-D9DD-4F89-8155-B93261FD129F,ESR_SCP,Chapman Ave,Garden Grove,CA,92840,N,Unknown,2,School,1,Active,5,Mobile Van,2,Service Delivery Site,3,Contractor,0,Unknown,0,Unknown,59,Orange,County            ,Orange County,6059,6,California,Dianne Feinstein,Kamala D. Harris,9,Region IX,N,46,California District 46,646,J. Luis Correa,https://correa.house.gov/,3/19/18,3/19/18,BPS-H80-019280,,/,2/24/17,2/24/17,09E01142,,,,,  ,,,,,-117.9091733,33.7889161
5500,Cares Community Health Dental Van,,916-443-3299,www.carescommunityhealth.org,30,223,H80CS28364,Cares Community Health,"Corporate Entity, Federal Tax Exempt",N,Y,N,N,N,12072,F83151DD-CA52-40DE-BE58-2E8B7FE213AF,3C4A5519-716A-4178-97E2-D8779EBF2861,ESR_SCP,1366 21st St,Sacramento,CA,95811,N,Unknown,7,All Other Clinic Types,1,Active,5,Mobile Van,2,Service Delivery Site,1,Health Center/Applicant,0,Unknown,0,Unknown,67,Sacramento,County            ,Sacramento County,6067,6,California,Dianne Feinstein,Kamala D. Harris,9,Region IX,N,6,California District 06,606,Doris O. Matsui,http://matsui.house.gov,3/19/18,3/19/18,BPS-H80-021382,,/,11/1/17,11/1/17,09E01155,,,,,  ,,,,,-121.48042,38.57213
6032,Mobile Dental Clinic,,925-313-6166,www.cchealth.org,40,397,H80CS00050,"CONTRA COSTA, COUNTY OF",U.S. Government Entity,N,N,N,N,Y,7167,924388C5-DC01-449A-A0B3-120736B6588E,9B2E6216-C05F-469A-9699-4F94DB2A9F24,ESR_SCP,Multiple locations  Contra Costa County,Martinez,CA,94553,N,Unknown,7,All Other Clinic Types,1,Active,5,Mobile Van,2,Service Delivery Site,1,Health Center/Applicant,0,Unknown,0,Unknown,13,Contra Costa,County            ,Contra Costa County,6013,6,California,Dianne Feinstein,Kamala D. Harris,9,Region IX,N,5,California District 05,605,Mike Thompson,http://mikethompson.house.gov/,3/19/18,3/19/18,BPS-H80-018137,,/,6/16/16,6/16/16,91120,,,,,  ,,,,,-122.1327441,38.0128096
6092,Del Norte Mobile Dental,,707-465-6925,,35,689,H80CS00225,OPEN DOOR COMMUNITY HEALTH CENTERS,"Corporate Entity, Federal Tax Exempt",N,Y,N,N,N,8596,B03FB934-1F80-46BC-BCFD-C35AC29CA1DA,CDA7204E-DDBF-4B23-B521-C91654E942C9,ESR_SCP,550 E Washington Blvd,Crescent City,CA,95531-8160,N,Unknown,7,All Other Clinic Types,1,Active,5,Mobile Van,2,Service Delivery Site,1,Health Center/Applicant,0,Unknown,0,Unknown,15,Del Norte,County            ,Del Norte County,6015,6,California,Dianne Feinstein,Kamala D. Harris,9,Region IX,N,2,California District 02,602,Jared Huffman,http://huffman.house.gov,3/19/18,3/19/18,BPS-H80-019352,,/,3/16/17,3/16/17,91540,,,,,  ,,,,,-124.1985696,41.77274247
6156,HCHP Mobile Clinic #2,,510-891-8950,,40,1426,H80CS00047,"ALAMEDA, COUNTY OF",U.S. Government Entity,N,N,N,N,Y,2111,2A940231-9A6B-4753-8191-D25C17B1F471,878B2632-6F7E-4746-9B07-2A41EAC55930,ESR_SCP,15400 Foothill Blvd,San Leandro,CA,94578-1009,N,Unknown,7,All Other Clinic Types,1,Active,5,Mobile Van,2,Service Delivery Site,1,Health Center/Applicant,0,Unknown,0,Unknown,1,Alameda,County            ,Alameda County,6001,6,California,Dianne Feinstein,Kamala D. Harris,9,Region IX,N,15,California District 15,615,Eric Swalwell,http://swalwell.house.gov,3/19/18,3/19/18,BPS-H80-018372,,/,7/11/16,7/11/16,90870,,,,,  ,,,,,-122.1181863,37.70647126
6200,MOBILE  VAN - LIC. NO. 5BCT457,09071U,805-451-3898,WWW.CHCCC.ORG,20,282,H80CS00621,"Community Health Centers Of The Central Coast, Inc.","Corporate Entity, Federal Tax Exempt",Y,Y,N,Y,Y,3480,46AD108C-8911-4154-8585-1DFEB27925B9,A69A7093-5967-4D54-93C8-76A0893A5CC4,ESR_SCP,200 W Williams St,Santa Maria,CA,93458-1704,N,Urban,7,All Other Clinic Types,1,Active,5,Mobile Van,2,Service Delivery Site,1,Health Center/Applicant,2,Part-Time,1,Year-Round,83,Santa Barbara,County            ,Santa Barbara County,6083,6,California,Dianne Feinstein,Kamala D. Harris,9,Region IX,N,24,California District 24,624,Salud O. Carbajal,https://carbajal.house.gov/,3/19/18,3/19/18,BPS-H80-007147,1/8/01,1/8/01,1/6/01,1/6/01,90710,,,,,  ,,,,,-120.437346,34.96985978
6279,Sutter/Yuba County Mobile Dental Vans,,530-741-6245,www.pickpeach.org,40,292,H80CS06629,Peach Tree Healthcare,"Corporate Entity, Federal Tax Exempt",N,Y,N,N,N,8877,B6FAD76E-5C75-46C8-BFE3-0D94320D360A,9B871BB6-1B3C-477D-9ABF-24754F578084,ESR_SCP,5730 Packard Ave,Marysville,CA,95901-7118,N,Rural,7,All Other Clinic Types,1,Active,5,Mobile Van,2,Service Delivery Site,1,Health Center/Applicant,1,Full-Time,1,Year-Round,115,Yuba,County            ,Yuba County,6115,6,California,Dianne Feinstein,Kamala D. Harris,9,Region IX,N,3,California District 03,603,John Garamendi,http://garamendi.house.gov/,3/19/18,3/19/18,BPS-H80-004181,1/1/02,1/1/02,1/1/02,1/1/02,97180,,,,,  ,,,,,-121.5655267,39.11867846
6347,LifeLong Dental Van,,510-981-4100,,40,609,H80CS00808,Lifelong Medical Care,"Corporate Entity, Federal Tax Exempt",N,Y,N,Y,N,10387,D63AD0B0-CA81-401A-8397-F8CDD4F238C5,D2761F4D-BE76-4455-BDDF-780527137BF2,ESR_SCP,2344 6th St,Berkeley,CA,94710-2412,N,Unknown,2,School,1,Active,5,Mobile Van,2,Service Delivery Site,1,Health Center/Applicant,0,Unknown,0,Unknown,1,Alameda,County            ,Alameda County,6001,6,California,Dianne Feinstein,Kamala D. Harris,9,Region IX,N,13,California District 13,613,Barbara Lee,http://lee.house.gov/,3/19/18,3/19/18,BPS-H80-014568,,/,1/16/15,1/16/15,92880,,,,,  ,,,,,-122.2957949,37.86201495
6349,MOBILE VAN - LIC NO. 5CBK444,09071Z,805-938-9200,WWW.CHCCC.ORG,20,282,H80CS00621,"Community Health Centers Of The Central Coast, Inc.","Corporate Entity, Federal Tax Exempt",Y,Y,N,Y,Y,6061,7BF292D2-9AB5-4D60-B4D9-DFA2354F0092,A414368F-F3DD-4F3E-A7CD-76255520C046,ESR_SCP,2801 Santa Maria Way,Santa Maria,CA,93455-2118,N,Urban,7,All Other Clinic Types,1,Active,5,Mobile Van,2,Service Delivery Site,1,Health Center/Applicant,2,Part-Time,1,Year-Round,83,Santa Barbara,County            ,Santa Barbara County,6083,6,California,Dianne Feinstein,Kamala D. Harris,9,Region IX,N,24,California District 24,624,Salud O. Carbajal,https://carbajal.house.gov/,3/19/18,3/19/18,BPS-H80-006403,1/6/91,1/6/91,1/6/91,1/6/91,90710,,,,,  ,,,,,-120.4339407,34.90910839
6386,GVHC MOBILE (3) MEDICAL VAN,09047S,209-628-3198,www.gvhc.org,4,130,H80CS00742,Golden Valley Health Centers,"Corporate Entity, Federal Tax Exempt",Y,Y,N,N,Y,7265,94A38A21-4059-4D56-88A8-42FE68533A8F,DD88488E-1C72-4F92-8518-9A1262297335,ESR_SCP,13161 Jefferson St,Le Grand,CA,95333-9766,N,Rural,7,All Other Clinic Types,1,Active,5,Mobile Van,2,Service Delivery Site,1,Health Center/Applicant,1,Full-Time,1,Year-Round,47,Merced,County            ,Merced County,6047,6,California,Dianne Feinstein,Kamala D. Harris,9,Region IX,N,16,California District 16,616,Jim Costa,http://costa.house.gov,3/19/18,3/19/18,BPS-H80-001725,1/10/06,1/10/06,1/10/06,1/10/06,90470,,,,,  ,,,,,-120.2509238,37.22939685
6502,MOBILE DENTAL UNIT #3,,760-321-6776,,30,442,H80CS00287,BORREGO COMMUNITY HEALTH FOUNDATION,"Corporate Entity, Federal Tax Exempt",Y,Y,N,N,N,5887,786231FA-DC0D-4F6A-B5C6-8D98CA9407B3,6846083F-C541-40AC-8AA4-896F43191BB1,ESR_SCP,69175 Ramon Rd Bldg A,Cathedral City,CA,92234-3344,N,Unknown,7,All Other Clinic Types,1,Active,5,Mobile Van,2,Service Delivery Site,1,Health Center/Applicant,0,Unknown,0,Unknown,65,Riverside,County            ,Riverside County,6065,6,California,Dianne Feinstein,Kamala D. Harris,9,Region IX,Y,36,California District 36,636,Raul Ruiz,http://ruiz.house.gov,3/19/18,3/19/18,BPS-H80-018778,,/,10/24/16,10/24/16,99010,,,,,  ,,,,,-116.4565659,33.81579698
6641,ONSITE DENTAL FOUNDATION,,408-315-4864,http://www.onsitehealth.com/community-outreach,20,1426,H80CS00047,"ALAMEDA, COUNTY OF",U.S. Government Entity,N,N,N,N,Y,473,0993C39C-594E-484D-B93F-91C3E4F968B9,12F3B8ED-A035-49CF-A213-013B9E04EB14,ESR_SCP,1950 Channel Dr,West Sacramento,CA,95691-3441,N,Unknown,7,All Other Clinic Types,1,Active,5,Mobile Van,3,Administrative/Service Delivery Site,3,Contractor,0,Unknown,0,Unknown,113,Yolo,County            ,Yolo County,6113,6,California,Dianne Feinstein,Kamala D. Harris,9,Region IX,N,6,California District 06,606,Doris O. Matsui,http://matsui.house.gov,3/19/18,3/19/18,BPS-H80-017193,,/,10/16/15,10/16/15,90870,,,,,  ,,,,,-121.5700926,38.56391751
6823,MOBILE UNIT #5,,909-453-6900,,30,442,H80CS00287,BORREGO COMMUNITY HEALTH FOUNDATION,"Corporate Entity, Federal Tax Exempt",Y,Y,N,N,N,8222,A861ED89-A5CD-4197-8636-0D70DCB5E4DA,780E0EA1-E07B-4286-8741-A04E97B1DA7B,ESR_SCP,590 N D St,San Bernardino,CA,92401-1352,N,Unknown,7,All Other Clinic Types,1,Active,5,Mobile Van,2,Service Delivery Site,1,Health Center/Applicant,0,Unknown,0,Unknown,71,San Bernardino,County            ,San Bernardino County,6071,6,California,Dianne Feinstein,Kamala D. Harris,9,Region IX,N,31,California District 31,631,Pete Aguilar,https://aguilar.house.gov/,3/19/18,3/19/18,BPS-H80-019365,,/,3/21/17,3/21/17,99010,,,,,  ,,,,,-117.2919237,34.10970032
6953,Homeless Medical Mobile Unit,091181O,408-885-7049,www.sccgov.org,40,1093,H80CS01442,"SANTA CLARA, COUNTY OF",U.S. Government Entity,N,N,N,N,Y,1199,1816F227-2A5C-4187-8E51-A2011CE0B0D8,AE7B1F33-EDAC-403A-B210-95C29DD799FE,ESR_SCP,2400 Moorpark Ave,San Jose,CA,95128-2631,N,Urban,7,All Other Clinic Types,1,Active,5,Mobile Van,2,Service Delivery Site,1,Health Center/Applicant,1,Full-Time,1,Year-Round,85,Santa Clara,County            ,Santa Clara County,6085,6,California,Dianne Feinstein,Kamala D. Harris,9,Region IX,N,18,California District 18,618,Anna G. Eshoo,http://eshoo.house.gov/,3/19/18,3/19/18,BPS-H80-004064,9/1/03,9/1/03,9/23/03,9/23/03,911810,,,,,  ,,,,,-121.937103,37.31608249
6962,Mobile Van #1,,805-647-6322,www.clinicas.org,24,489,H80CS00550,"Clinicas del Camino Real, Inc.","Corporate Entity, Federal Tax Exempt",Y,Y,N,N,N,11121,E591107B-C581-4D8A-9479-CD8B27AC924F,DFADF9C8-C2D2-4496-89FC-7565654F107D,ESR_SCP,200 S Wells Rd Ste 200,Ventura,CA,93004-1377,N,Rural,7,All Other Clinic Types,1,Active,5,Mobile Van,2,Service Delivery Site,1,Health Center/Applicant,2,Part-Time,1,Year-Round,111,Ventura,County            ,Ventura County,6111,6,California,Dianne Feinstein,Kamala D. Harris,9,Region IX,N,26,California District 26,626,Julia Brownley,http://juliabrownley.house.gov,3/19/18,3/19/18,BPS-H80-006250,7/1/06,7/1/06,7/1/06,7/1/06,93650,,,,,  ,,,,,-119.1597581,34.29323216
6967,Aria Community Health Center - Mobile2,,559-386-4502,www.ariachc.org,2,840,H80CS08739,AVENAL COMMUNITY HEALTH CENTER,"Corporate Entity, Federal Tax Exempt",Y,N,N,N,N,718,0E99957D-72F2-4A51-A79B-A589267B863A,64F226D1-76F1-4356-B9DC-7E5A6F04ECD2,ESR_SCP,20326 Main St,Stratford,CA,93266-9742,N,Unknown,7,All Other Clinic Types,1,Active,5,Mobile Van,2,Service Delivery Site,1,Health Center/Applicant,0,Unknown,0,Unknown,31,Kings,County            ,Kings County,6031,6,California,Dianne Feinstein,Kamala D. Harris,9,Region IX,N,21,California District 21,621,David G. Valadao,http://valadao.house.gov,3/19/18,3/19/18,BPS-H80-015087,,/,5/6/15,5/6/15,911950,,,,,  ,,,,,-119.8229805,36.18961047
7251,Central City Community Health Center - Mobile Medical Unit #2,,714-490-2750,www.centralcityhealth.org,20,370,H80CS10608,"CENTRAL CITY COMMUNITY HEALTH CENTER, INC.","Corporate Entity, Federal Tax Exempt",Y,Y,N,N,N,212,0475F813-475E-44B5-ADBA-578A443C5E75,9F7C9B4D-B4B2-4587-9630-AEC8B3CB32DE,ESR_SCP,2237 W Ball Rd,Anaheim,CA,92804-5314,N,Urban,7,All Other Clinic Types,1,Active,5,Mobile Van,2,Service Delivery Site,1,Health Center/Applicant,2,Part-Time,0,Unknown,59,Orange,County            ,Orange County,6059,6,California,Dianne Feinstein,Kamala D. Harris,9,Region IX,N,46,California District 46,646,J. Luis Correa,https://correa.house.gov/,3/19/18,3/19/18,BPS-H80-014371,7/1/13,7/1/13,6/18/14,6/18/14,9.00E+66,,,,,  ,,,,,-117.9608935,33.81782587
7255,Mobile Unit - Medical &amp; Dental,,949-270-2100,,40,1428,H80CS24199,Share Our Selves Corporation,"Corporate Entity, Federal Tax Exempt",N,Y,N,N,Y,3992,51486259-23CF-46B3-ADE8-4E918BE64B0D,06409C10-8212-409E-9F69-FEAFF58AF1F2,ESR_SCP,1014 N Broadway,Santa Ana,CA,92701-3408,N,Unknown,7,All Other Clinic Types,1,Active,5,Mobile Van,2,Service Delivery Site,1,Health Center/Applicant,0,Unknown,0,Unknown,59,Orange,County            ,Orange County,6059,6,California,Dianne Feinstein,Kamala D. Harris,9,Region IX,N,46,California District 46,646,J. Luis Correa,https://correa.house.gov/,3/19/18,3/19/18,BPS-H80-017763,,/,4/8/16,4/8/16,09E00524,,,,,  ,,,,,-117.8697483,33.75354638
7337,Dental Mobile Clinic,,831-728-8250,www.splg.org,40,174,H80CS00226,SALUD PARA LA GENTE,"Corporate Entity, Federal Tax Exempt",Y,Y,N,N,N,7556,9AFE0FE4-8765-4F11-AD2E-B550FE78AB68,8A6938DC-D735-46D5-9890-764D3D21C6DE,ESR_SCP,1440 Del Monte Ave,Salinas,CA,93905-1903,N,Urban,7,All Other Clinic Types,1,Active,5,Mobile Van,2,Service Delivery Site,1,Health Center/Applicant,2,Part-Time,1,Year-Round,53,Monterey,County            ,Monterey County,6053,6,California,Dianne Feinstein,Kamala D. Harris,9,Region IX,N,20,California District 20,620,Jimmy Panetta,https://panetta.house.gov/,3/19/18,3/19/18,BPS-H80-011288,6/10/11,6/10/11,4/10/12,4/10/12,91160,,,,,  ,,,,,-121.6050262,36.68196433
7372,Medical Mobile Unit - Teen Van,091181F,408-885-4782,www.sccgov.org,40,1093,H80CS01442,"SANTA CLARA, COUNTY OF",U.S. Government Entity,N,N,N,N,Y,8503,AE6BF861-F769-4D41-9A22-A2B1AD2F0813,1E015C6D-5C32-4483-8708-31AB2BBF6C3B,ESR_SCP,750 S Bascom Ave,San Jose,CA,95128-2603,N,Urban,7,All Other Clinic Types,1,Active,5,Mobile Van,2,Service Delivery Site,1,Health Center/Applicant,1,Full-Time,1,Year-Round,85,Santa Clara,County            ,Santa Clara County,6085,6,California,Dianne Feinstein,Kamala D. Harris,9,Region IX,N,18,California District 18,618,Anna G. Eshoo,http://eshoo.house.gov/,3/19/18,3/19/18,BPS-H80-000394,9/1/96,9/1/96,6/1/07,6/1/07,911810,,,,,  ,,,,,-121.9317614,37.31411479
7440,Mobile Unit Health Center,,408-729-9700,,40,904,H80CS06646,"SAN JOSE FOOTHILL FAMILY COMMUNITY CLINIC, INC","Corporate Entity, Federal Tax Exempt",N,Y,N,N,N,10242,D327E432-7A6A-4020-ADBE-D3AA1A119B74,3BF4AD69-C78D-4770-A974-4F6BB4DC4822,ESR_SCP,2880 Story Rd,San Jose,CA,95127-3942,N,Unknown,7,All Other Clinic Types,1,Active,5,Mobile Van,2,Service Delivery Site,1,Health Center/Applicant,0,Unknown,0,Unknown,85,Santa Clara,County            ,Santa Clara County,6085,6,California,Dianne Feinstein,Kamala D. Harris,9,Region IX,N,19,California District 19,619,Zoe Lofgren,https://lofgren.house.gov/,3/19/18,3/19/18,BPS-H80-015340,,/,7/8/15,7/8/15,925350,,,,,  ,,,,,-121.8227449,37.3536908
7637,"AltaMed Medical Group: Medical and Dental, Mobile Unit",,323-725-8751,,20,1002,H80CS00142,AltaMed Health Services Corporation,"Corporate Entity, Federal Tax Exempt",N,Y,N,Y,N,5532,70537D30-6BD5-4227-899C-A87835278D69,5561CC6B-204F-4A98-B2BD-E38DEE90A27E,ESR_SCP,2219 E 1st St,Los Angeles,CA,90033-3901,N,Urban,2,School,1,Active,5,Mobile Van,2,Service Delivery Site,1,Health Center/Applicant,2,Part-Time,1,Year-Round,37,Los Angeles,County            ,Los Angeles County,6037,6,California,Dianne Feinstein,Kamala D. Harris,9,Region IX,N,34,California District 34,634,Jimmy Gomez,https://gomez.house.gov,3/19/18,3/19/18,BPS-H80-013575,,/,1/30/14,1/30/14,93110,,,,,  ,,,,,-118.2116392,34.04459541
8002,SJWCFC Mobile #2,,323-541-1600,http://www.wellchild.org,24,923,H80CS00873,"St. John's Well Child And Family Center, Inc.","Corporate Entity, Federal Tax Exempt",N,Y,N,Y,Y,10527,D9107428-2C1C-4512-B1FE-AA266DE93C23,1CD16C5D-F9C4-4C70-836B-3326BFF90909,ESR_SCP,1555 W 110th St,Los Angeles,CA,90047-4912,N,Urban,2,School,1,Active,5,Mobile Van,2,Service Delivery Site,1,Health Center/Applicant,2,Part-Time,1,Year-Round,37,Los Angeles,County            ,Los Angeles County,6037,6,California,Dianne Feinstein,Kamala D. Harris,9,Region IX,N,43,California District 43,643,Maxine Waters,https://waters.house.gov/,3/19/18,3/19/18,BPS-H80-013318,1/1/14,1/1/14,11/1/13,11/1/13,910370,,,,,  ,,,,,-118.3037387,33.93552619
8058,"T.H.E. Clinic, Inc. - Western",,323-730-1920,,20,616,H80CS00755,"Clinic Inc, The","Corporate Entity, Federal Tax Exempt",N,Y,N,N,N,690,0E0993C9-5027-4C49-9A56-3799943E7656,1DC699C4-54F8-4414-8D78-AE3AB6726510,ESR_SCP,3834 S Western Ave,Los Angeles,CA,90062-1104,N,Unknown,7,All Other Clinic Types,1,Active,5,Mobile Van,2,Service Delivery Site,1,Health Center/Applicant,0,Unknown,0,Unknown,37,Los Angeles,County            ,Los Angeles County,6037,6,California,Dianne Feinstein,Kamala D. Harris,9,Region IX,N,37,California District 37,637,Karen Bass,http://karenbass.house.gov/,3/19/18,3/19/18,BPS-H80-018835,,/,10/27/16,10/27/16,92440,,,,,  ,,,,,-118.3088773,34.016652
8136,Mobile Dental Clinic 2,,760-631-5000,www.vcc.clinic,40,657,H80CS00282,VISTA COMMUNITY CLINIC,"Corporate Entity, Federal Tax Exempt",Y,Y,N,N,N,9431,C2697D5F-FD8F-4094-AFBF-481AA2F84453,8DF5715C-86A2-41BE-AE5D-2FED79BC208E,ESR_SCP,30195 Fraser Dr,Lake Elsinore,CA,92530-7006,N,Unknown,7,All Other Clinic Types,1,Active,5,Mobile Van,2,Service Delivery Site,1,Health Center/Applicant,0,Unknown,0,Unknown,65,Riverside,County            ,Riverside County,6065,6,California,Dianne Feinstein,Kamala D. Harris,9,Region IX,Y,42,California District 42,642,Ken Calvert,http://calvert.house.gov/,3/19/18,3/19/18,BPS-H80-018146,,/,6/16/16,6/16/16,91670,,,,,  ,,,,,-117.367905,33.68451021
8204,Benevolence Mobile Health Unit,,562-437-1888,www.bhchealth.org,24,1337,H80CS26616,BENEVOLENCE INDUSTRIES INCORPORATED,"Corporate Entity, Federal Tax Exempt",N,Y,N,N,N,11880,F3D20634-1EE4-4079-9B8C-C3AE2E1C8521,EBA43630-5240-4F93-AEEC-E8DB04C25F82,ESR_SCP,934 Atlantic Ave,Long Beach,CA,90813-4515,N,Unknown,7,All Other Clinic Types,1,Active,5,Mobile Van,2,Service Delivery Site,1,Health Center/Applicant,0,Unknown,0,Unknown,37,Los Angeles,County            ,Los Angeles County,6037,6,California,Dianne Feinstein,Kamala D. Harris,9,Region IX,N,47,California District 47,647,Alan S. Lowenthal,http://lowenthal.house.gov,3/19/18,3/19/18,BPS-H80-020923,,/,7/21/17,7/21/17,09E01093,,,,,  ,,,,,-118.1849951,33.77838917
8229,JWCH MOBILE MEDICAL CLINIC,092536E,213-622-2639,WWW.JWCHINSTITUTE.ORG/HOMELESS.HTM#WEINGART_MEDICAL,21,1377,H80CS06673,"JWCH Institute, Inc.","Corporate Entity, Federal Tax Exempt",N,Y,N,N,Y,5640,72BE5B02-D2EF-4C77-8134-29680DFAA126,F94CD171-FF4F-4E15-B9DF-41F5AB4764CC,ESR_SCP,515 E 6th St,Los Angeles,CA,90021-1009,N,Urban,7,All Other Clinic Types,1,Active,5,Mobile Van,2,Service Delivery Site,1,Health Center/Applicant,1,Full-Time,1,Year-Round,37,Los Angeles,County            ,Los Angeles County,6037,6,California,Dianne Feinstein,Kamala D. Harris,9,Region IX,N,34,California District 34,634,Jimmy Gomez,https://gomez.house.gov,3/19/18,3/19/18,BPS-H80-005318,8/1/07,8/1/07,7/19/06,7/19/06,925360,,,,,  ,,,,,-118.245068,34.04221032
8347,Mobile Health Services Van #1,,707-443-4666,,36,689,H80CS00225,OPEN DOOR COMMUNITY HEALTH CENTERS,"Corporate Entity, Federal Tax Exempt",N,Y,N,N,N,8150,A7130767-2E82-42D1-A73C-964FC6E9F028,72EE4B1A-4E3C-4127-BADB-D8E0BC5D0CB1,ESR_SCP,2412 Buhne St,Eureka,CA,95501-3207,N,Rural,7,All Other Clinic Types,1,Active,5,Mobile Van,2,Service Delivery Site,1,Health Center/Applicant,2,Part-Time,1,Year-Round,23,Humboldt,County            ,Humboldt County,6023,6,California,Dianne Feinstein,Kamala D. Harris,9,Region IX,N,2,California District 02,602,Jared Huffman,http://huffman.house.gov,3/19/18,3/19/18,BPS-H80-012781,11/1/12,11/1/12,8/1/13,8/1/13,91540,,,,,  ,,,,,-124.1410909,40.78591951
8724,Kern Mobile Unit,,661-635-3050,www.clinicasierravista.org,40,1039,H80CS00540,Clinica Sierra Vista,"Corporate Entity, Federal Tax Exempt",Y,Y,N,N,Y,292,06459865-327E-4DC7-8E5F-0A470A2EFBD9,A273F3B7-28AF-449F-A7FC-60DD836DC780,ESR_SCP,705 S Union Ave,Bakersfield,CA,93307-3635,N,Unknown,7,All Other Clinic Types,1,Active,5,Mobile Van,2,Service Delivery Site,1,Health Center/Applicant,0,Unknown,0,Unknown,29,Kern,County            ,Kern County,6029,6,California,Dianne Feinstein,Kamala D. Harris,9,Region IX,N,21,California District 21,621,David G. Valadao,http://valadao.house.gov,3/19/18,3/19/18,BPS-H80-017133,,/,9/28/15,9/28/15,90390,,,,,  ,,,,,-119.0031604,35.348904
8746,Mission City Community Network - SFV- Mobile II,,818-895-3100,,30,677,H80CS08241,"Mission City Community Network, Inc.","Corporate Entity, Federal Tax Exempt",N,Y,N,N,N,8184,A7BB32C9-D87E-432E-947A-D363BB41A272,B94A0037-FD97-4930-8534-DCDD47FC8F5C,ESR_SCP,9919 Laurel Canyon Blvd,Pacoima,CA,91331-3940,N,Unknown,2,School,1,Active,5,Mobile Van,2,Service Delivery Site,1,Health Center/Applicant,0,Unknown,0,Unknown,37,Los Angeles,County            ,Los Angeles County,6037,6,California,Dianne Feinstein,Kamala D. Harris,9,Region IX,N,29,California District 29,629,Tony Crdenas,http://cardenas.house.gov,3/19/18,3/19/18,BPS-H80-016820,,/,8/20/15,8/20/15,929830,,,,,  ,,,,,-118.4239125,34.25095101
8760,El Proyecto del Barrio Mobile Clinic,,818-830-7133,www.elproyecto.us,20,1089,H80CS06647,"El Proyecto Del Barrio, Inc","Corporate Entity, Federal Tax Exempt",N,Y,N,N,N,1762,233BB364-F08B-4F52-B154-F1E99BC25A07,3E70005D-A41A-4558-AB6A-859A5F4AA810,ESR_SCP,20800 Sherman Way,Winnetka,CA,91306-2707,N,Urban,7,All Other Clinic Types,1,Active,5,Mobile Van,2,Service Delivery Site,1,Health Center/Applicant,2,Part-Time,0,Unknown,37,Los Angeles,County            ,Los Angeles County,6037,6,California,Dianne Feinstein,Kamala D. Harris,9,Region IX,N,30,California District 30,630,Brad Sherman,http://bradsherman.house.gov/,3/19/18,3/19/18,BPS-H80-014108,7/1/05,7/1/05,7/25/14,7/25/14,91620,,,,,  ,,,,,-118.586483,34.20096553
8864,Mission City Community Network - Mobile-San Gabriel Valley,,909-525-9111,www.mccn.org,40,677,H80CS08241,"Mission City Community Network, Inc.","Corporate Entity, Federal Tax Exempt",N,Y,N,N,N,1818,24756788-F494-4B00-97BB-090044239518,53D8C5CF-A1ED-4635-9572-DAE3E425C24D,ESR_SCP,1818 N Orange Grove Ave,Pomona,CA,91767-3028,N,Unknown,7,All Other Clinic Types,1,Active,5,Mobile Van,3,Administrative/Service Delivery Site,1,Health Center/Applicant,0,Unknown,0,Unknown,37,Los Angeles,County            ,Los Angeles County,6037,6,California,Dianne Feinstein,Kamala D. Harris,9,Region IX,N,35,California District 35,635,Norma J. Torres,https://torres.house.gov/,3/19/18,3/19/18,BPS-H80-014436,,/,11/28/14,11/28/14,929830,,,,,  ,,,,,-117.7489336,34.07697909
8897,MOBILE MEDICAL VAN,092538B,707-939-6070,www.svchc.org,18,425,H80CS06649,Sonoma Valley Community Health Center,"Corporate Entity, Federal Tax Exempt",N,Y,N,N,N,902,120DA98D-6F26-4A4D-9916-46446C4E3207,85D1D309-7659-4A65-B816-AC7AE3881D93,ESR_SCP,430 W Napa St Ste 3F,Sonoma,CA,95476-6500,N,Rural,7,All Other Clinic Types,1,Active,5,Mobile Van,2,Service Delivery Site,1,Health Center/Applicant,2,Part-Time,1,Year-Round,97,Sonoma,County            ,Sonoma County,6097,6,California,Dianne Feinstein,Kamala D. Harris,9,Region IX,N,5,California District 05,605,Mike Thompson,http://mikethompson.house.gov/,3/19/18,3/19/18,BPS-H80-006763,5/1/03,5/1/03,1/1/06,1/1/06,925380,,,,,  ,,,,,-122.4663179,38.29277442
8907,Temporary - Clinica Fiesta Moblie van 4,,707-547-2222,,40,793,H80CS00259,SANTA ROSA COMMUNITY HEALTH CENTERS,"Corporate Entity, Federal Tax Exempt",N,Y,N,N,N,2162,2B9343C5-A461-4943-9DF2-A6EEE8EFFDAB,160F7077-D699-4C1B-B1B4-8174EC953B4A,ESR_SCP,1110 N Dutton Ave,Santa Rosa,CA,95401-4606,N,Unknown,7,All Other Clinic Types,1,Active,5,Mobile Van,2,Service Delivery Site,1,Health Center/Applicant,0,Unknown,0,Unknown,97,Sonoma,County            ,Sonoma County,6097,6,California,Dianne Feinstein,Kamala D. Harris,9,Region IX,N,5,California District 05,605,Mike Thompson,http://mikethompson.house.gov/,3/19/18,3/19/18,BPS-H80-021513,,/,12/7/17,12/7/17,98790,,,,,  ,,,,,-122.7304495,38.44650387
8934,Aria Community Health Center - Mobile 1,,559-386-4501,N/A,2,840,H80CS08739,AVENAL COMMUNITY HEALTH CENTER,"Corporate Entity, Federal Tax Exempt",Y,N,N,N,N,10927,E135C4B5-12BC-48B8-A0FB-D09A789D3352,7C3F9CF3-2B22-49D3-8535-97CA592F5080,ESR_SCP,75 N 5th St,Kettleman City,CA,93239,N,Rural,7,All Other Clinic Types,1,Active,5,Mobile Van,2,Service Delivery Site,1,Health Center/Applicant,1,Full-Time,1,Year-Round,31,Kings,County            ,Kings County,6031,6,California,Dianne Feinstein,Kamala D. Harris,9,Region IX,N,21,California District 21,621,David G. Valadao,http://valadao.house.gov,3/19/18,3/19/18,BPS-H80-011790,8/31/11,8/31/11,6/16/12,6/16/12,911950,,,,,  ,,,,,-119.9641062,36.00735859
9041,CSVS - MOBILE UNIT,09105I,831-633-1514,www.csvs.org,30,911,H80CS00232,CLINICA DE SALUD DEL VALLE DE SALINAS,"Corporate Entity, Federal Tax Exempt",Y,Y,N,N,Y,8859,B67B4BE2-DFDC-4BCC-9E55-471D718A0EB6,4608DCA7-7F76-4317-9EFB-B2EA9608099D,ESR_SCP,440 Airport Blvd,Salinas,CA,93905-3302,N,Rural,7,All Other Clinic Types,1,Active,5,Mobile Van,2,Service Delivery Site,1,Health Center/Applicant,2,Part-Time,1,Year-Round,53,Monterey,County            ,Monterey County,6053,6,California,Dianne Feinstein,Kamala D. Harris,9,Region IX,N,20,California District 20,620,Jimmy Panetta,https://panetta.house.gov/,3/19/18,3/19/18,BPS-H80-006821,1/7/04,1/7/04,1/7/04,1/7/04,91050,,,,,  ,,,,,-121.6167267,36.66528554
9102,La Maestra Mobile Medical and Dental Van,,619-280-4213,www.lamaestra.org,32,871,H80CS00812,"La Maestra Family Clinic, Inc.","Corporate Entity, Federal Tax Exempt",N,Y,N,Y,Y,900,12053347-6C40-4CF3-AB39-24ACE450D880,529668BB-AE54-432D-A6C0-89DEAB972031,ESR_SCP,4060 Fairmount Ave,San Diego,CA,92105-1608,Y,Urban,7,All Other Clinic Types,1,Active,5,Mobile Van,2,Service Delivery Site,1,Health Center/Applicant,1,Full-Time,1,Year-Round,73,San Diego,County            ,San Diego County,6073,6,California,Dianne Feinstein,Kamala D. Harris,9,Region IX,Y,51,California District 51,651,Juan Vargas,http://vargas.house.gov,3/19/18,3/19/18,BPS-H80-012639,5/1/12,5/1/12,6/6/13,6/6/13,95440,,,,,  ,,,,,-117.1009227,32.75051394
9162,RAVENSWOOD MOBILE HEALTH  CLINIC,09815A,650-330-7400,www.ravenswoodfhc.org,20,328,H80CS00145,"South County Community Health Center, Inc.","Corporate Entity, Federal Tax Exempt",N,Y,N,N,N,6012,7AE872DE-50D2-421B-AFE6-B238CFE193CE,249B3F99-C7D9-46E0-9FD8-22E0E5D61E8A,ESR_SCP,1885 Bay Rd,East Palo Alto,CA,94303-1312,N,Urban,7,All Other Clinic Types,1,Active,5,Mobile Van,2,Service Delivery Site,1,Health Center/Applicant,2,Part-Time,1,Year-Round,81,San Mateo,County            ,San Mateo County,6081,6,California,Dianne Feinstein,Kamala D. Harris,9,Region IX,N,14,California District 14,614,Jackie Speier,http://speier.house.gov/,3/19/18,3/19/18,BPS-H80-007020,3/6/06,3/6/06,1/3/06,1/3/06,98150,,,,,  ,,,,,-122.1324098,37.47278553
9175,Health to Hope Clinics - Mobile Unit 2,,951-595-4444,www.healthtohope.com,24,1115,H80CS24201,Urban Community Action Projects,"Corporate Entity, Federal Tax Exempt",N,N,N,N,Y,107,0231C808-339A-4EFA-BA40-9EC5242EDFA9,B98478A9-0E91-4D68-B3B4-98A31823450D,ESR_SCP,3399 Central Ave,Riverside,CA,92506-1456,N,Unknown,7,All Other Clinic Types,1,Active,5,Mobile Van,2,Service Delivery Site,1,Health Center/Applicant,0,Unknown,0,Unknown,65,Riverside,County            ,Riverside County,6065,6,California,Dianne Feinstein,Kamala D. Harris,9,Region IX,Y,41,California District 41,641,Mark Takano,http://takano.house.gov,3/19/18,3/19/18,BPS-H80-017665,,/,2/12/16,2/12/16,09E00525,,,,,  ,,,,,-117.3820723,33.95374548
9306,Mobile Dental Trailer #1,,760-773-5743,www.borregomedical.org,30,442,H80CS00287,BORREGO COMMUNITY HEALTH FOUNDATION,"Corporate Entity, Federal Tax Exempt",Y,Y,N,N,N,5886,786231FA-DC0D-4F6A-B5C6-8D98CA9407B3,B35E730A-F328-4AD4-835E-814A3DA31C3F,ESR_SCP,69175 Ramon Rd Bldg A,Cathedral City,CA,92234-3344,N,Urban,7,All Other Clinic Types,1,Active,5,Mobile Van,2,Service Delivery Site,1,Health Center/Applicant,2,Part-Time,1,Year-Round,65,Riverside,County            ,Riverside County,6065,6,California,Dianne Feinstein,Kamala D. Harris,9,Region IX,Y,36,California District 36,636,Raul Ruiz,http://ruiz.house.gov,3/19/18,3/19/18,BPS-H80-009413,,/,4/14/10,4/14/10,99010,,,,,  ,,,,,-116.4565659,33.81579698
9632,Health To Hope Clinics - Mobile Unit # 3,,951-595-4444,www.HealthToHope.com,40,1115,H80CS24201,Urban Community Action Projects,"Corporate Entity, Federal Tax Exempt",N,N,N,N,Y,12199,FAF6DBE1-9D3D-4AE3-8A73-D6AC2A0C8CC4,2365A9E7-0CCA-417C-AE5B-C6123E81353E,ESR_SCP,2880 Hulen Pl,Riverside,CA,92507-2606,N,Unknown,7,All Other Clinic Types,1,Active,5,Mobile Van,2,Service Delivery Site,1,Health Center/Applicant,0,Unknown,0,Unknown,65,Riverside,County            ,Riverside County,6065,6,California,Dianne Feinstein,Kamala D. Harris,9,Region IX,Y,41,California District 41,641,Mark Takano,http://takano.house.gov,3/19/18,3/19/18,BPS-H80-020941,,/,7/25/17,7/25/17,09E00525,,,,,  ,,,,,-117.3538674,33.98691939
9641,Fresno Mobile Unit,,661-635-3050,,40,1039,H80CS00540,Clinica Sierra Vista,"Corporate Entity, Federal Tax Exempt",Y,Y,N,N,Y,137,02AD7BBC-BE4A-4D22-B5D3-8FF5E7A22662,A67FAD93-8566-49D8-8884-B64ADEFE99BD,ESR_SCP,4498 N Brawley Ave,Fresno,CA,93722-3917,N,Unknown,7,All Other Clinic Types,1,Active,5,Mobile Van,2,Service Delivery Site,1,Health Center/Applicant,0,Unknown,0,Unknown,19,Fresno,County            ,Fresno County,6019,6,California,Dianne Feinstein,Kamala D. Harris,9,Region IX,N,22,California District 22,622,Devin Nunes,http://nunes.house.gov/,3/19/18,3/19/18,BPS-H80-017253,,/,11/10/15,11/10/15,90390,,,,,  ,,,,,-119.8624692,36.80152777
9724,Central City Community Health Center,,323-324-3280,,20,340,H80CS00139,Northeast Valley Health Corporation,"Corporate Entity, Federal Tax Exempt",N,Y,N,N,Y,8142,A6F42689-13A7-4954-A5F5-AA260BD1B700,AA2C5613-BBBA-4483-8F03-2CF12652EF5B,ESR_SCP,5968 S Central Ave,Los Angeles,CA,90001-1150,N,Urban,7,All Other Clinic Types,1,Active,5,Mobile Van,2,Service Delivery Site,2,Subrecipient,2,Part-Time,0,Unknown,37,Los Angeles,County            ,Los Angeles County,6037,6,California,Dianne Feinstein,Kamala D. Harris,9,Region IX,N,40,California District 40,640,Lucille Roybal-Allard,https://roybal-allard.house.gov/,3/19/18,3/19/18,BPS-H80-014077,11/1/06,11/1/06,7/18/14,7/18/14,91000,,,,,  ,,,,,-118.2564056,33.98563456
10568,Mobile Van #3,,805-647-6322,www.clinicas.org,24,489,H80CS00550,"Clinicas del Camino Real, Inc.","Corporate Entity, Federal Tax Exempt",Y,Y,N,N,N,11120,E591107B-C581-4D8A-9479-CD8B27AC924F,FB32D3EB-03FC-4E65-AC48-3F281F1465EA,ESR_SCP,200 S Wells Rd Ste 200,Ventura,CA,93004-1377,N,Rural,7,All Other Clinic Types,1,Active,5,Mobile Van,2,Service Delivery Site,1,Health Center/Applicant,2,Part-Time,1,Year-Round,111,Ventura,County            ,Ventura County,6111,6,California,Dianne Feinstein,Kamala D. Harris,9,Region IX,N,26,California District 26,626,Julia Brownley,http://juliabrownley.house.gov,3/19/18,3/19/18,BPS-H80-006971,7/1/06,7/1/06,7/1/06,7/1/06,93650,,,,,  ,,,,,-119.1597581,34.29323216
10713,Mobile Van #2 Dental,,805-647-6322,www.clinicas.org,24,489,H80CS00550,"Clinicas del Camino Real, Inc.","Corporate Entity, Federal Tax Exempt",Y,Y,N,N,N,11122,E591107B-C581-4D8A-9479-CD8B27AC924F,6F031901-37A4-4BE1-B62B-F8EFDC0F8103,ESR_SCP,200 S Wells Rd Ste 200,Ventura,CA,93004-1377,N,Rural,7,All Other Clinic Types,1,Active,5,Mobile Van,2,Service Delivery Site,1,Health Center/Applicant,2,Part-Time,1,Year-Round,111,Ventura,County            ,Ventura County,6111,6,California,Dianne Feinstein,Kamala D. Harris,9,Region IX,N,26,California District 26,626,Julia Brownley,http://juliabrownley.house.gov,3/19/18,3/19/18,BPS-H80-006489,7/1/06,7/1/06,7/1/06,7/1/06,93650,,,,,  ,,,,,-119.1597581,34.29323216
10724,Northeast Valley Health Corporation Mobile,,818-898-1388,WWW.NEVHC.ORG,24,340,H80CS00139,Northeast Valley Health Corporation,"Corporate Entity, Federal Tax Exempt",N,Y,N,N,Y,9661,C76F267F-9B57-4912-BA08-8F8A4B9CDCD3,1F019C36-2279-4892-A5EB-4DC42D5C9FD3,ESR_SCP,1172 N Maclay Ave,San Fernando,CA,91340-1328,N,Urban,7,All Other Clinic Types,1,Active,5,Mobile Van,2,Service Delivery Site,1,Health Center/Applicant,2,Part-Time,1,Year-Round,37,Los Angeles,County            ,Los Angeles County,6037,6,California,Dianne Feinstein,Kamala D. Harris,9,Region IX,N,29,California District 29,629,Tony Crdenas,http://cardenas.house.gov,3/19/18,3/19/18,BPS-H80-006358,11/1/07,11/1/07,6/14/07,6/14/07,91000,,,,,  ,,,,,-118.4241354,34.29582141
10750,MOBILE UNIT 2,09021O,408-935-3918,www.Gardnerhealth.org,20,950,H80CS00359,"Gardner Family Health Network, Inc.","Corporate Entity, Federal Tax Exempt",N,Y,N,N,Y,4959,6529A62A-B4AF-488F-B2F6-0D59818AD493,C9F742A5-80CA-4D01-AD0E-FBFD6F6139A4,ESR_SCP,1621 Gold St,Alviso,CA,95002,N,Urban,7,All Other Clinic Types,1,Active,5,Mobile Van,2,Service Delivery Site,1,Health Center/Applicant,2,Part-Time,1,Year-Round,85,Santa Clara,County            ,Santa Clara County,6085,6,California,Dianne Feinstein,Kamala D. Harris,9,Region IX,N,17,California District 17,617,Ro Khanna,https://khanna.house.gov/,3/19/18,3/19/18,BPS-H80-006554,8/1/08,8/1/08,11/28/07,11/28/07,90210,,,,,  ,,,,,-121.9760469,37.42479058
10782,San Benito Health Foundation Mobile Health Center,,831-637-5306,,20,253,H80CS08223,San Benito Health Foundation,"Corporate Entity, Not Federal Tax Exempt",Y,Y,N,N,N,6486,83D862BF-0D8C-442F-AF61-5CB42B9E3CE6,06A2677F-F4D7-4C3E-8DCD-B8C342580E6B,ESR_SCP,351 Felice Dr,Hollister,CA,95023-3361,N,Rural,7,All Other Clinic Types,1,Active,5,Mobile Van,2,Service Delivery Site,1,Health Center/Applicant,1,Full-Time,1,Year-Round,69,San Benito,County            ,San Benito County,6069,6,California,Dianne Feinstein,Kamala D. Harris,9,Region IX,N,20,California District 20,620,Jimmy Panetta,https://panetta.house.gov/,3/19/18,3/19/18,BPS-H80-011518,8/1/11,8/1/11,6/18/12,6/18/12,91800,,,,,  ,,,,,-121.4169957,36.85330744
11085,HCH Mobile Dental Van,,650-573-2561,,20,273,H80CS00051,"San Mateo, County Of",U.S. Government Entity,Y,N,N,N,Y,2915,3B35DC93-3B1B-4886-A792-C33753C9A42D,53B663FE-89A0-413A-AD1B-270EBE640413,ESR_SCP,222 W 39th Ave,San Mateo,CA,94403-4364,N,Urban,7,All Other Clinic Types,1,Active,5,Mobile Van,2,Service Delivery Site,1,Health Center/Applicant,2,Part-Time,1,Year-Round,81,San Mateo,County            ,San Mateo County,6081,6,California,Dianne Feinstein,Kamala D. Harris,9,Region IX,N,14,California District 14,614,Jackie Speier,http://speier.house.gov/,3/19/18,3/19/18,BPS-H80-011967,1/12/12,1/12/12,8/15/12,8/15/12,91140,,,,,  ,,,,,-122.2985538,37.53048118
11133,Burre Mobile Dental,09154J,707-442-7078 x205,www.opendoorhealth.com,32,689,H80CS00225,OPEN DOOR COMMUNITY HEALTH CENTERS,"Corporate Entity, Federal Tax Exempt",N,Y,N,N,N,10431,D711CEBB-540A-4879-B121-9A8A3217CA93,9436A102-A427-4F50-80B5-055B6DBB854D,ESR_SCP,959 Myrtle Ave,Eureka,CA,95501-1219,N,Rural,7,All Other Clinic Types,1,Active,5,Mobile Van,2,Service Delivery Site,1,Health Center/Applicant,2,Part-Time,2,Seasonal,23,Humboldt,County            ,Humboldt County,6023,6,California,Dianne Feinstein,Kamala D. Harris,9,Region IX,N,2,California District 02,602,Jared Huffman,http://huffman.house.gov,3/19/18,3/19/18,BPS-H80-006394,1/1/77,1/1/77,1/6/77,1/6/77,91540,,,,,  ,,,,,-124.1497592,40.80063813
11166,Mobile Unit #4 - Riverside,,951-213-3450,,30,442,H80CS00287,BORREGO COMMUNITY HEALTH FOUNDATION,"Corporate Entity, Federal Tax Exempt",Y,Y,N,N,N,101,020D283F-154B-4121-BE22-394136AEA0E3,0EBE012D-0482-47E9-8C8A-9BD18D168082,ESR_SCP,1970 University Ave,Riverside,CA,92507-5202,N,Unknown,7,All Other Clinic Types,1,Active,5,Mobile Van,2,Service Delivery Site,1,Health Center/Applicant,0,Unknown,0,Unknown,65,Riverside,County            ,Riverside County,6065,6,California,Dianne Feinstein,Kamala D. Harris,9,Region IX,Y,41,California District 41,641,Mark Takano,http://takano.house.gov,3/19/18,3/19/18,BPS-H80-018773,,/,10/21/16,10/21/16,99010,,,,,  ,,,,,-117.3543994,33.9755625
11522,MOBILE CLINIC SITE,09112R,925-313-6166,www.cchealth.org,60,397,H80CS00050,"CONTRA COSTA, COUNTY OF",U.S. Government Entity,N,N,N,N,Y,1235,18D090AB-24A2-46C8-A6E2-791AADEFAFFE,BB6895C2-E175-40E3-968B-183D691D1E71,ESR_SCP,Center Ave,Martinez,CA,94553,N,Urban,7,All Other Clinic Types,1,Active,5,Mobile Van,2,Service Delivery Site,1,Health Center/Applicant,1,Full-Time,1,Year-Round,13,Contra Costa,County            ,Contra Costa County,6013,6,California,Dianne Feinstein,Kamala D. Harris,9,Region IX,N,11,California District 11,611,Mark DeSaulnier,https://desaulnier.house.gov/,3/19/18,3/19/18,BPS-H80-000885,1/1/91,1/1/91,1/1/91,1/1/91,91120,,,,,  ,,,,,-122.0951223,37.98370402
11581,Mobile Medical Clinic,,714-352-2911,,7,135,H80CS26627,"SERVE THE PEOPLE, INC.","Corporate Entity, Federal Tax Exempt",N,Y,N,N,N,5351,6CB55982-D701-4068-84C0-03D57FAEA253,F29B8071-7B66-4D8A-B122-FED575274C22,ESR_SCP,1206 E 17th St Ste 101,Santa Ana,CA,92701-2641,N,Unknown,7,All Other Clinic Types,1,Active,5,Mobile Van,2,Service Delivery Site,1,Health Center/Applicant,0,Unknown,0,Unknown,59,Orange,County            ,Orange County,6059,6,California,Dianne Feinstein,Kamala D. Harris,9,Region IX,N,46,California District 46,646,J. Luis Correa,https://correa.house.gov/,3/19/18,3/19/18,BPS-H80-021821,,/,2/20/18,2/20/18,09E01103,,,,,  ,,,,,-117.8539615,33.75982749
11596,Mobile Van - Health On Wheels,,916-454-2345,,40,1462,H80CS24113,ELICA HEALTH CENTERS,"Corporate Entity, Federal Tax Exempt",N,Y,N,N,N,11529,ECF83DDA-BBCC-4FBD-9C92-A88B7EFB2E41,6B8C3609-E9D1-4946-BC1A-2BFEBB4EC461,ESR_SCP,3701 J St,Sacramento,CA,95816-5562,N,Urban,7,All Other Clinic Types,1,Active,5,Mobile Van,2,Service Delivery Site,1,Health Center/Applicant,2,Part-Time,1,Year-Round,67,Sacramento,County            ,Sacramento County,6067,6,California,Dianne Feinstein,Kamala D. Harris,9,Region IX,N,6,California District 06,606,Doris O. Matsui,http://matsui.house.gov,3/19/18,3/19/18,BPS-H80-013843,1/27/14,1/27/14,5/12/14,5/12/14,09E00477,,,,,  ,,,,,-121.4568342,38.5705658
11631,UC IRVINE MOBILE MEDICINE UNIT,09308B,714-480-2443,http://www.ucirvinehealth.org/locations/santa-ana/family-health-center-santa-ana/,12,71,H80CS00461,"UNIVERSITY OF CALIFORNIA, IRVINE","Corporate Entity, Federal Tax Exempt",N,Y,N,N,N,2037,29088A6D-F964-495A-B31D-D88689D4BADC,7201F02E-5161-4368-950F-4BE10C3E75E0,ESR_SCP,800 N Main St,Santa Ana,CA,92701-3576,N,Urban,7,All Other Clinic Types,1,Active,5,Mobile Van,2,Service Delivery Site,1,Health Center/Applicant,2,Part-Time,1,Year-Round,59,Orange,County            ,Orange County,6059,6,California,Dianne Feinstein,Kamala D. Harris,9,Region IX,N,46,California District 46,646,J. Luis Correa,https://correa.house.gov/,3/19/18,3/19/18,BPS-H80-006443,7/30/02,7/30/02,7/30/02,7/30/02,93080,,,,,  ,,,,,-117.867647,33.75142892
11894,Valley Smiles,,559-846-9150,,40,494,H80CS00525,"VALLEY HEALTH TEAM, INC.","Corporate Entity, Federal Tax Exempt",Y,Y,N,N,N,2877,3A74B45F-4EBE-4B29-824D-377F2931CFFD,2365B40D-4EB4-49A2-9DE0-26EB204E6737,ESR_SCP,21890 W Colorado Ave,San Joaquin,CA,93660,N,Rural,7,All Other Clinic Types,1,Active,5,Mobile Van,2,Service Delivery Site,1,Health Center/Applicant,1,Full-Time,1,Year-Round,19,Fresno,County            ,Fresno County,6019,6,California,Dianne Feinstein,Kamala D. Harris,9,Region IX,N,21,California District 21,621,David G. Valadao,http://valadao.house.gov,3/19/18,3/19/18,BPS-H80-010454,11/1/10,11/1/10,3/28/11,3/28/11,91100,,,,,  ,,,,,-120.1839131,36.6042119
11909,Antelope Valley Community Clinic Mobile Health Clinic  I,,661-992-2391,www.avclinic.org,42,527,H80CS26613,Antelope Valley Community Clinic,"Corporate Entity, Federal Tax Exempt",N,Y,N,N,N,4302,57ABD294-FF2D-4620-B2C2-DE0641E21235,32C0872F-9C8F-4F8E-9DB6-A94B2779ABC0,ESR_SCP,45104 10th St W,Lancaster,CA,93534-2310,N,Urban,7,All Other Clinic Types,1,Active,5,Mobile Van,2,Service Delivery Site,1,Health Center/Applicant,1,Full-Time,1,Year-Round,37,Los Angeles,County            ,Los Angeles County,6037,6,California,Dianne Feinstein,Kamala D. Harris,9,Region IX,N,23,California District 23,623,Kevin McCarthy,http://kevinmccarthy.house.gov/,3/19/18,3/19/18,BPS-H80-013393,3/1/08,3/1/08,11/1/13,11/1/13,09E01050,,,,,  ,,,,,-118.1480636,34.70246635
11928,Dientes Mobile Dental Clinic,,831-464-5409,dientes.org,36,1343,H80CS00048,"SANTA CRUZ, COUNTY OF",U.S. Government Entity,N,N,N,N,Y,7618,9C2E441C-F5D4-4B29-8CFC-36ADF84F024F,04856137-0C0A-48CC-BB39-02ECB47AFC00,ESR_SCP,1830 Commercial Way,Santa Cruz,CA,95065-1819,N,Urban,7,All Other Clinic Types,1,Active,5,Mobile Van,2,Service Delivery Site,2,Subrecipient,2,Part-Time,1,Year-Round,87,Santa Cruz,County            ,Santa Cruz County,6087,6,California,Dianne Feinstein,Kamala D. Harris,9,Region IX,N,20,California District 20,620,Jimmy Panetta,https://panetta.house.gov/,3/19/18,3/19/18,BPS-H80-008646,7/1/09,7/1/09,6/29/09,6/29/09,90880,,,,,  ,,,,,-121.980184,36.98833033
11958,RRHC Mobile Healthcare Services,,707-923-2783,www.rrhc.org,20,428,H80CS00251,"Redwoods Rural Health Center, Incorporated","Corporate Entity, Federal Tax Exempt",N,Y,N,N,N,2589,34D6A968-D525-468C-AA7C-E529011F8C64,30501AB7-0E06-4331-B0D6-DF23B78CBFC4,ESR_SCP,101 W Coast Rd,Redway,CA,95560,N,Unknown,2,School,1,Active,5,Mobile Van,2,Service Delivery Site,1,Health Center/Applicant,0,Unknown,0,Unknown,23,Humboldt,County            ,Humboldt County,6023,6,California,Dianne Feinstein,Kamala D. Harris,9,Region IX,N,2,California District 02,602,Jared Huffman,http://huffman.house.gov,3/19/18,3/19/18,BPS-H80-014694,,/,2/12/15,2/12/15,91700,,,,,  ,,,,,-123.8134231,40.11686232
12167,"ROOTS Community Health Center, Inc Mobile-Street Medicine",,510-777-1177,www.rootsclinic.org,40,1426,H80CS00047,"ALAMEDA, COUNTY OF",U.S. Government Entity,N,N,N,N,Y,10664,DBCDB3C4-707C-4E1B-851F-FD013175B5DF,20DEBA05-9A85-43D0-9475-29FB68A6F45A,ESR_SCP,9925 International Blvd,Oakland,CA,94603-2558,N,Unknown,7,All Other Clinic Types,1,Active,5,Mobile Van,3,Administrative/Service Delivery Site,3,Contractor,0,Unknown,0,Unknown,1,Alameda,County            ,Alameda County,6001,6,California,Dianne Feinstein,Kamala D. Harris,9,Region IX,N,13,California District 13,613,Barbara Lee,http://lee.house.gov/,3/19/18,3/19/18,BPS-H80-017361,,/,12/11/15,12/11/15,90870,,,,,  ,,,,,-122.1697599,37.74317764
12312,Hurtt Family Mobile Clinic,,714-247-0300,www.hurttclinic.org,30,1316,H80CS12875,"HURTT FAMILY HEALTH CLINIC, INC.","Corporate Entity, Federal Tax Exempt",N,N,N,N,Y,3818,4D76BED0-8C0D-45CB-9E16-4722FE1E9649,6AB65267-674B-4B26-AD55-D1590A5A8056,ESR_SCP,1 Hope Dr,Tustin,CA,92782-0221,N,Rural,7,All Other Clinic Types,1,Active,5,Mobile Van,2,Service Delivery Site,1,Health Center/Applicant,0,Unknown,0,Unknown,59,Orange,County            ,Orange County,6059,6,California,Dianne Feinstein,Kamala D. Harris,9,Region IX,N,45,California District 45,645,Mimi Walters,https://walters.house.gov/,3/19/18,3/19/18,BPS-H80-008359,8/1/08,8/1/08,3/1/09,3/1/09,9.00E+06,,,,,  ,,,,,-117.8334284,33.71487845